city,time,latitude,longitude,timezone,temperature_c,humidity_pct,feels_like_c,precip_probability_pct,precipitation_mm,rain,weather_code,cloud_cover,wind_speed_kmh,date,hour,day_of_week,is_raining,temperature_difference,is_hot,weather_description
Manila,2026-09-20 00:00:00,14.586995,121.002785,Asia/Manila,25.5,96,31.3,65,0.1,0.1,51,39,6.0,2026-09-20,0,Sunday,True,-5.800000000000001,False,Light drizzle
Manila,2026-09-20 01:00:00,14.586995,121.002785,Asia/Manila,25.3,96,30.8,51,0.0,0.0,2,63,6.9,2026-09-20,1,Sunday,False,-5.5,False,Partly cloudy
Manila,2026-09-20 02:00:00,14.586995,121.002785,Asia/Manila,25.6,98,31.5,39,0.0,0.0,2,55,5.8,2026-09-20,2,Sunday,False,-5.899999999999999,False,Partly cloudy
Manila,2026-09-20 03:00:00,14.586995,121.002785,Asia/Manila,25.3,97,31.1,30,0.0,0.0,3,81,5.4,2026-09-20,3,Sunday,False,-5.800000000000001,False,Overcast
Manila,2026-09-20 04:00:00,14.586995,121.002785,Asia/Manila,25.2,96,30.9,24,0.0,0.0,3,89,4.6,2026-09-20,4,Sunday,False,-5.699999999999999,False,Overcast
Manila,2026-09-20 05:00:00,14.586995,121.002785,Asia/Manila,25.1,96,30.8,18,0.0,0.0,3,93,4.1,2026-09-20,5,Sunday,False,-5.699999999999999,False,Overcast
Manila,2026-09-20 06:00:00,14.586995,121.002785,Asia/Manila,25.2,95,31.0,13,0.0,0.0,3,94,3.4,2026-09-20,6,Sunday,False,-5.800000000000001,False,Overcast
Manila,2026-09-20 07:00:00,14.586995,121.002785,Asia/Manila,25.7,95,31.8,10,0.0,0.0,3,95,3.0,2026-09-20,7,Sunday,False,-6.100000000000001,False,Overcast
Manila,2026-09-20 08:00:00,14.586995,121.002785,Asia/Manila,26.9,90,33.6,8,0.0,0.0,3,91,0.4,2026-09-20,8,Sunday,False,-6.700000000000003,False,Overcast
Manila,2026-09-20 09:00:00,14.586995,121.002785,Asia/Manila,28.7,81,35.3,7,0.0,0.0,3,100,1.0,2026-09-20,9,Sunday,False,-6.599999999999998,False,Overcast
Manila,2026-09-20 10:00:00,14.586995,121.002785,Asia/Manila,29.7,76,37.2,7,0.0,0.0,3,99,2.6,2026-09-20,10,Sunday,False,-7.5000000000000036,False,Overcast
Manila,2026-09-20 11:00:00,14.586995,121.002785,Asia/Manila,30.3,72,38.1,8,0.0,0.0,3,95,5.2,2026-09-20,11,Sunday,False,-7.800000000000001,False,Overcast
Manila,2026-09-20 12:00:00,14.586995,121.002785,Asia/Manila,30.7,70,38.5,10,0.0,0.0,3,91,6.7,2026-09-20,12,Sunday,False,-7.800000000000001,False,Overcast
Manila,2026-09-20 13:00:00,14.586995,121.002785,Asia/Manila,31.3,64,38.6,12,0.0,0.0,3,88,7.2,2026-09-20,13,Sunday,False,-7.300000000000001,False,Overcast
Manila,2026-09-20 14:00:00,14.586995,121.002785,Asia/Manila,30.8,67,37.3,14,0.0,0.0,3,83,9.3,2026-09-20,14,Sunday,False,-6.4999999999999964,False,Overcast
Manila,2026-09-20 15:00:00,14.586995,121.002785,Asia/Manila,30.2,72,35.7,14,0.0,0.0,3,92,10.5,2026-09-20,15,Sunday,False,-5.5000000000000036,False,Overcast
Manila,2026-09-20 16:00:00,14.586995,121.002785,Asia/Manila,29.7,74,34.3,15,0.0,0.0,3,97,12.7,2026-09-20,16,Sunday,False,-4.599999999999998,False,Overcast
Manila,2026-09-20 17:00:00,14.586995,121.002785,Asia/Manila,29.4,76,34.1,20,0.0,0.0,3,98,12.0,2026-09-20,17,Sunday,False,-4.700000000000003,False,Overcast
Manila,2026-09-20 18:00:00,14.586995,121.002785,Asia/Manila,28.5,79,33.6,35,0.2,0.2,51,98,8.9,2026-09-20,18,Sunday,True,-5.100000000000001,False,Light drizzle
Manila,2026-09-20 19:00:00,14.586995,121.002785,Asia/Manila,27.9,86,34.1,54,0.1,0.1,51,98,4.8,2026-09-20,19,Sunday,True,-6.200000000000003,False,Light drizzle
Manila,2026-09-20 20:00:00,14.586995,121.002785,Asia/Manila,27.4,88,33.4,67,0.2,0.2,51,99,5.6,2026-09-20,20,Sunday,True,-6.0,False,Light drizzle
Manila,2026-09-20 21:00:00,14.586995,121.002785,Asia/Manila,27.1,89,32.9,67,0.0,0.0,3,91,6.5,2026-09-20,21,Sunday,False,-5.799999999999997,False,Overcast
Manila,2026-09-20 22:00:00,14.586995,121.002785,Asia/Manila,26.7,90,32.5,61,0.0,0.0,3,80,6.4,2026-09-20,22,Sunday,False,-5.800000000000001,False,Overcast
Manila,2026-09-20 23:00:00,14.586995,121.002785,Asia/Manila,26.6,89,32.5,55,0.0,0.0,1,30,3.9,2026-09-20,23,Sunday,False,-5.899999999999999,False,Mainly clear
Manila,2026-09-21 00:00:00,14.586995,121.002785,Asia/Manila,26.4,90,32.2,53,0.0,0.0,1,25,4.0,2026-09-21,0,Monday,False,-5.800000000000004,False,Mainly clear
Manila,2026-09-21 01:00:00,14.586995,121.002785,Asia/Manila,26.1,91,31.9,52,0.0,0.0,0,17,3.7,2026-09-21,1,Monday,False,-5.799999999999997,False,Clear sky
Manila,2026-09-21 02:00:00,14.586995,121.002785,Asia/Manila,25.7,93,31.6,51,0.0,0.0,0,18,3.8,2026-09-21,2,Monday,False,-5.900000000000002,False,Clear sky
Manila,2026-09-21 03:00:00,14.586995,121.002785,Asia/Manila,25.8,91,31.6,52,0.0,0.0,1,20,2.8,2026-09-21,3,Monday,False,-5.800000000000001,False,Mainly clear
Manila,2026-09-21 04:00:00,14.586995,121.002785,Asia/Manila,25.3,91,30.4,54,0.8,0.5,53,59,5.6,2026-09-21,4,Monday,True,-5.099999999999998,False,Moderate drizzle
Manila,2026-09-21 05:00:00,14.586995,121.002785,Asia/Manila,25.5,91,30.5,53,0.2,0.2,51,49,6.7,2026-09-21,5,Monday,True,-5.0,False,Light drizzle
Manila,2026-09-21 06:00:00,14.586995,121.002785,Asia/Manila,25.7,91,31.5,45,0.0,0.0,2,64,2.3,2026-09-21,6,Monday,False,-5.800000000000001,False,Partly cloudy
Manila,2026-09-21 07:00:00,14.586995,121.002785,Asia/Manila,26.2,89,31.8,34,0.0,0.0,2,79,3.8,2026-09-21,7,Monday,False,-5.600000000000001,False,Partly cloudy
Manila,2026-09-21 08:00:00,14.586995,121.002785,Asia/Manila,27.3,83,32.7,25,0.0,0.0,2,78,4.8,2026-09-21,8,Monday,False,-5.400000000000002,False,Partly cloudy
Manila,2026-09-21 09:00:00,14.586995,121.002785,Asia/Manila,28.5,77,33.8,20,0.0,0.0,2,78,5.3,2026-09-21,9,Monday,False,-5.299999999999997,False,Partly cloudy
Manila,2026-09-21 10:00:00,14.586995,121.002785,Asia/Manila,29.2,74,35.4,16,0.0,0.0,1,31,7.0,2026-09-21,10,Monday,False,-6.199999999999999,False,Mainly clear
Manila,2026-09-21 11:00:00,14.586995,121.002785,Asia/Manila,29.5,75,36.7,16,0.0,0.0,1,38,9.0,2026-09-21,11,Monday,False,-7.200000000000003,False,Mainly clear
Manila,2026-09-21 12:00:00,14.586995,121.002785,Asia/Manila,29.5,75,36.8,19,0.0,0.0,2,55,10.5,2026-09-21,12,Monday,False,-7.299999999999997,False,Partly cloudy
Manila,2026-09-21 13:00:00,14.586995,121.002785,Asia/Manila,29.9,74,37.0,25,0.0,0.0,3,84,10.4,2026-09-21,13,Monday,False,-7.100000000000001,False,Overcast
Manila,2026-09-21 14:00:00,14.586995,121.002785,Asia/Manila,29.8,74,36.3,35,0.2,0.0,51,97,11.6,2026-09-21,14,Monday,True,-6.4999999999999964,False,Light drizzle
Manila,2026-09-21 15:00:00,14.586995,121.002785,Asia/Manila,29.3,77,34.6,53,0.1,0.0,51,99,11.3,2026-09-21,15,Monday,True,-5.300000000000001,False,Light drizzle
Manila,2026-09-21 16:00:00,14.586995,121.002785,Asia/Manila,29.1,76,33.5,76,0.2,0.1,51,99,13.5,2026-09-21,16,Monday,True,-4.399999999999999,False,Light drizzle
Manila,2026-09-21 17:00:00,14.586995,121.002785,Asia/Manila,27.7,80,33.0,92,0.3,0.1,51,100,5.1,2026-09-21,17,Monday,True,-5.300000000000001,False,Light drizzle
Manila,2026-09-21 18:00:00,14.586995,121.002785,Asia/Manila,26.5,86,31.7,99,0.7,0.6,53,73,5.2,2026-09-21,18,Monday,True,-5.199999999999999,False,Moderate drizzle
Manila,2026-09-21 19:00:00,14.586995,121.002785,Asia/Manila,26.5,86,32.2,100,0.4,0.3,51,80,2.6,2026-09-21,19,Monday,True,-5.700000000000003,False,Light drizzle
Manila,2026-09-21 20:00:00,14.586995,121.002785,Asia/Manila,25.9,91,31.5,96,0.0,0.0,1,46,5.0,2026-09-21,20,Monday,False,-5.600000000000001,False,Mainly clear
Manila,2026-09-21 21:00:00,14.586995,121.002785,Asia/Manila,26.1,90,31.3,85,0.0,0.0,1,48,6.5,2026-09-21,21,Monday,False,-5.199999999999999,False,Mainly clear
Manila,2026-09-21 22:00:00,14.586995,121.002785,Asia/Manila,26.0,92,31.8,70,0.0,0.0,1,31,4.2,2026-09-21,22,Monday,False,-5.800000000000001,False,Mainly clear
Manila,2026-09-21 23:00:00,14.586995,121.002785,Asia/Manila,25.9,94,32.1,57,0.0,0.0,0,18,2.2,2026-09-21,23,Monday,False,-6.200000000000003,False,Clear sky
Manila,2026-09-22 00:00:00,14.586995,121.002785,Asia/Manila,25.9,91,31.8,48,0.0,0.0,0,15,3.1,2026-09-22,0,Tuesday,False,-5.900000000000002,False,Clear sky
Manila,2026-09-22 01:00:00,14.586995,121.002785,Asia/Manila,25.7,93,31.8,42,0.0,0.0,1,39,2.6,2026-09-22,1,Tuesday,False,-6.100000000000001,False,Mainly clear
Manila,2026-09-22 02:00:00,14.586995,121.002785,Asia/Manila,25.6,96,31.6,37,0.0,0.0,1,39,3.8,2026-09-22,2,Tuesday,False,-6.0,False,Mainly clear
Manila,2026-09-22 03:00:00,14.586995,121.002785,Asia/Manila,25.3,96,31.1,34,0.0,0.0,2,52,4.7,2026-09-22,3,Tuesday,False,-5.800000000000001,False,Partly cloudy
Manila,2026-09-22 04:00:00,14.586995,121.002785,Asia/Manila,25.2,95,30.9,34,0.0,0.0,2,61,3.5,2026-09-22,4,Tuesday,False,-5.699999999999999,False,Partly cloudy
Manila,2026-09-22 05:00:00,14.586995,121.002785,Asia/Manila,25.0,95,30.7,33,0.0,0.0,2,63,2.4,2026-09-22,5,Tuesday,False,-5.699999999999999,False,Partly cloudy
Manila,2026-09-22 06:00:00,14.586995,121.002785,Asia/Manila,25.0,94,30.5,32,0.0,0.0,2,78,3.6,2026-09-22,6,Tuesday,False,-5.5,False,Partly cloudy
Manila,2026-09-22 07:00:00,14.586995,121.002785,Asia/Manila,25.5,91,30.9,31,0.0,0.0,2,73,3.8,2026-09-22,7,Tuesday,False,-5.399999999999999,False,Partly cloudy
Manila,2026-09-22 08:00:00,14.586995,121.002785,Asia/Manila,26.8,85,32.5,31,0.0,0.0,3,81,2.6,2026-09-22,8,Tuesday,False,-5.699999999999999,False,Overcast
Manila,2026-09-22 09:00:00,14.586995,121.002785,Asia/Manila,28.1,79,33.6,34,0.0,0.0,3,97,4.2,2026-09-22,9,Tuesday,False,-5.5,False,Overcast
Manila,2026-09-22 10:00:00,14.586995,121.002785,Asia/Manila,28.8,76,35.0,37,0.1,0.1,51,99,4.8,2026-09-22,10,Tuesday,True,-6.199999999999999,False,Light drizzle
Manila,2026-09-22 11:00:00,14.586995,121.002785,Asia/Manila,29.5,75,36.8,39,0.0,0.0,3,98,7.0,2026-09-22,11,Tuesday,False,-7.299999999999997,False,Overcast
Manila,2026-09-22 12:00:00,14.586995,121.002785,Asia/Manila,30.0,74,37.1,34,0.0,0.0,3,98,9.0,2026-09-22,12,Tuesday,False,-7.100000000000001,False,Overcast
Manila,2026-09-22 13:00:00,14.586995,121.002785,Asia/Manila,30.0,74,37.0,28,0.0,0.0,3,95,10.7,2026-09-22,13,Tuesday,False,-7.0,False,Overcast
Manila,2026-09-22 14:00:00,14.586995,121.002785,Asia/Manila,29.3,75,35.4,29,0.0,0.0,3,91,11.3,2026-09-22,14,Tuesday,False,-6.099999999999998,False,Overcast
Manila,2026-09-22 15:00:00,14.586995,121.002785,Asia/Manila,28.9,75,33.2,46,0.2,0.1,51,43,11.9,2026-09-22,15,Tuesday,True,-4.300000000000004,False,Light drizzle
Manila,2026-09-22 16:00:00,14.586995,121.002785,Asia/Manila,28.5,75,32.9,71,0.2,0.2,51,79,10.3,2026-09-22,16,Tuesday,True,-4.399999999999999,False,Light drizzle
Manila,2026-09-22 17:00:00,14.586995,121.002785,Asia/Manila,28.3,77,33.8,90,1.0,0.6,55,97,2.6,2026-09-22,17,Tuesday,True,-5.4999999999999964,False,Dense drizzle
Manila,2026-09-22 18:00:00,14.586995,121.002785,Asia/Manila,27.1,82,32.4,98,0.1,0.0,51,100,3.7,2026-09-22,18,Tuesday,True,-5.299999999999997,False,Light drizzle
Manila,2026-09-22 19:00:00,14.586995,121.002785,Asia/Manila,26.0,88,31.3,99,0.6,0.5,53,92,3.8,2026-09-22,19,Tuesday,True,-5.300000000000001,False,Moderate drizzle
Manila,2026-09-22 20:00:00,14.586995,121.002785,Asia/Manila,25.1,92,30.5,94,1.0,1.0,55,71,3.2,2026-09-22,20,Tuesday,True,-5.399999999999999,False,Dense drizzle
Manila,2026-09-22 21:00:00,14.586995,121.002785,Asia/Manila,25.1,92,30.5,79,0.4,0.4,51,52,3.9,2026-09-22,21,Tuesday,True,-5.399999999999999,False,Light drizzle
Manila,2026-09-22 22:00:00,14.586995,121.002785,Asia/Manila,25.4,92,31.0,57,0.2,0.2,51,56,2.8,2026-09-22,22,Tuesday,True,-5.600000000000001,False,Light drizzle
Manila,2026-09-22 23:00:00,14.586995,121.002785,Asia/Manila,25.7,91,31.7,39,0.2,0.2,51,35,0.4,2026-09-22,23,Tuesday,True,-6.0,False,Light drizzle
Manila,2026-09-23 00:00:00,14.586995,121.002785,Asia/Manila,25.4,92,31.1,28,0.0,0.0,1,42,3.1,2026-09-23,0,Wednesday,False,-5.700000000000003,False,Mainly clear
Manila,2026-09-23 01:00:00,14.586995,121.002785,Asia/Manila,25.2,94,31.0,20,0.0,0.0,2,64,2.9,2026-09-23,1,Wednesday,False,-5.800000000000001,False,Partly cloudy
Manila,2026-09-23 02:00:00,14.586995,121.002785,Asia/Manila,25.1,95,31.2,14,0.0,0.0,1,41,1.0,2026-09-23,2,Wednesday,False,-6.099999999999998,False,Mainly clear
Manila,2026-09-23 03:00:00,14.586995,121.002785,Asia/Manila,25.0,94,30.5,10,0.0,0.0,1,35,3.8,2026-09-23,3,Wednesday,False,-5.5,False,Mainly clear
Manila,2026-09-23 04:00:00,14.586995,121.002785,Asia/Manila,24.6,94,29.8,8,0.0,0.0,1,45,4.8,2026-09-23,4,Wednesday,False,-5.199999999999999,False,Mainly clear
Manila,2026-09-23 05:00:00,14.586995,121.002785,Asia/Manila,24.5,93,29.4,6,0.0,0.0,1,49,4.5,2026-09-23,5,Wednesday,False,-4.899999999999999,False,Mainly clear
Manila,2026-09-23 06:00:00,14.586995,121.002785,Asia/Manila,24.5,92,29.4,3,0.0,0.0,2,55,4.2,2026-09-23,6,Wednesday,False,-4.899999999999999,False,Partly cloudy
Manila,2026-09-23 07:00:00,14.586995,121.002785,Asia/Manila,25.2,89,30.5,1,0.0,0.0,1,37,2.3,2026-09-23,7,Wednesday,False,-5.300000000000001,False,Mainly clear
Manila,2026-09-23 08:00:00,14.586995,121.002785,Asia/Manila,26.7,83,32.2,0,0.0,0.0,1,20,1.7,2026-09-23,8,Wednesday,False,-5.5000000000000036,False,Mainly clear
Manila,2026-09-23 09:00:00,14.586995,121.002785,Asia/Manila,28.3,78,34.4,0,0.0,0.0,0,5,0.9,2026-09-23,9,Wednesday,False,-6.099999999999998,False,Clear sky
Manila,2026-09-23 10:00:00,14.586995,121.002785,Asia/Manila,29.7,70,36.7,2,0.0,0.0,1,41,2.0,2026-09-23,10,Wednesday,False,-7.0000000000000036,False,Mainly clear
Manila,2026-09-23 11:00:00,14.586995,121.002785,Asia/Manila,30.3,68,37.6,6,0.1,0.1,51,27,4.0,2026-09-23,11,Wednesday,True,-7.300000000000001,False,Light drizzle
Manila,2026-09-23 12:00:00,14.586995,121.002785,Asia/Manila,30.5,70,38.0,12,0.2,0.1,51,23,6.7,2026-09-23,12,Wednesday,True,-7.5,False,Light drizzle
Manila,2026-09-23 13:00:00,14.586995,121.002785,Asia/Manila,30.7,72,37.9,19,0.0,0.0,2,50,9.8,2026-09-23,13,Wednesday,False,-7.199999999999999,False,Partly cloudy
Manila,2026-09-23 14:00:00,14.586995,121.002785,Asia/Manila,30.9,71,37.4,31,0.0,0.0,3,86,10.3,2026-09-23,14,Wednesday,False,-6.5,False,Overcast
Manila,2026-09-23 15:00:00,14.586995,121.002785,Asia/Manila,28.1,83,34.1,51,1.1,0.1,95,100,3.9,2026-09-23,15,Wednesday,True,-6.0,False,Thunderstorm
Manila,2026-09-23 16:00:00,14.586995,121.002785,Asia/Manila,27.3,81,32.2,75,1.2,0.5,55,89,6.9,2026-09-23,16,Wednesday,True,-4.900000000000002,False,Dense drizzle
Manila,2026-09-23 17:00:00,14.586995,121.002785,Asia/Manila,25.2,91,29.9,92,1.4,0.5,80,98,6.9,2026-09-23,17,Wednesday,True,-4.699999999999999,False,Slight rain showers
Manila,2026-09-23 18:00:00,14.586995,121.002785,Asia/Manila,24.5,94,29.1,98,1.5,0.4,80,100,7.3,2026-09-23,18,Wednesday,True,-4.600000000000001,False,Slight rain showers
Manila,2026-09-23 19:00:00,14.586995,121.002785,Asia/Manila,24.6,95,30.3,97,2.2,0.8,80,90,1.2,2026-09-23,19,Wednesday,True,-5.699999999999999,False,Slight rain showers
Manila,2026-09-23 20:00:00,14.586995,121.002785,Asia/Manila,24.8,94,30.2,90,0.4,0.4,51,100,3.5,2026-09-23,20,Wednesday,True,-5.399999999999999,False,Light drizzle
Manila,2026-09-23 21:00:00,14.586995,121.002785,Asia/Manila,25.0,92,30.8,73,0.1,0.1,51,99,0.2,2026-09-23,21,Wednesday,True,-5.800000000000001,False,Light drizzle
Manila,2026-09-23 22:00:00,14.586995,121.002785,Asia/Manila,25.0,93,30.5,50,0.0,0.0,3,99,3.2,2026-09-23,22,Wednesday,False,-5.5,False,Overcast
Manila,2026-09-23 23:00:00,14.586995,121.002785,Asia/Manila,24.9,94,30.2,31,0.0,0.0,3,88,5.1,2026-09-23,23,Wednesday,False,-5.300000000000001,False,Overcast
Manila,2026-09-24 00:00:00,14.586995,121.002785,Asia/Manila,24.7,95,29.7,22,0.0,0.0,2,63,6.6,2026-09-24,0,Thursday,False,-5.0,False,Partly cloudy
Manila,2026-09-24 01:00:00,14.586995,121.002785,Asia/Manila,24.5,95,29.6,18,0.0,0.0,2,79,5.4,2026-09-24,1,Thursday,False,-5.100000000000001,False,Partly cloudy
Manila,2026-09-24 02:00:00,14.586995,121.002785,Asia/Manila,24.6,93,29.9,16,0.0,0.0,2,50,3.4,2026-09-24,2,Thursday,False,-5.299999999999997,False,Partly cloudy
Manila,2026-09-24 03:00:00,14.586995,121.002785,Asia/Manila,24.5,94,29.8,15,0.0,0.0,1,48,3.1,2026-09-24,3,Thursday,False,-5.300000000000001,False,Mainly clear
Manila,2026-09-24 04:00:00,14.586995,121.002785,Asia/Manila,24.4,95,29.8,16,0.0,0.0,2,51,2.7,2026-09-24,4,Thursday,False,-5.400000000000002,False,Partly cloudy
Manila,2026-09-24 05:00:00,14.586995,121.002785,Asia/Manila,24.5,95,30.0,16,0.0,0.0,2,57,2.6,2026-09-24,5,Thursday,False,-5.5,False,Partly cloudy
Manila,2026-09-24 06:00:00,14.586995,121.002785,Asia/Manila,24.9,93,30.5,12,0.0,0.0,2,70,2.5,2026-09-24,6,Thursday,False,-5.600000000000001,False,Partly cloudy
Manila,2026-09-24 07:00:00,14.586995,121.002785,Asia/Manila,25.6,91,31.3,7,0.0,0.0,3,86,2.3,2026-09-24,7,Thursday,False,-5.699999999999999,False,Overcast
Manila,2026-09-24 08:00:00,14.586995,121.002785,Asia/Manila,26.4,87,32.2,4,0.0,0.0,3,91,1.9,2026-09-24,8,Thursday,False,-5.800000000000004,False,Overcast
Manila,2026-09-24 09:00:00,14.586995,121.002785,Asia/Manila,27.5,81,33.3,1,0.0,0.0,2,72,1.7,2026-09-24,9,Thursday,False,-5.799999999999997,False,Partly cloudy
Manila,2026-09-24 10:00:00,14.586995,121.002785,Asia/Manila,28.8,76,35.5,0,0.0,0.0,1,42,2.7,2026-09-24,10,Thursday,False,-6.699999999999999,False,Mainly clear
Manila,2026-09-24 11:00:00,14.586995,121.002785,Asia/Manila,29.7,72,37.1,6,0.0,0.0,1,27,4.2,2026-09-24,11,Thursday,False,-7.400000000000002,False,Mainly clear
Manila,2026-09-24 12:00:00,14.586995,121.002785,Asia/Manila,30.4,70,38.2,24,0.1,0.0,51,42,6.8,2026-09-24,12,Thursday,True,-7.800000000000004,False,Light drizzle
Manila,2026-09-24 13:00:00,14.586995,121.002785,Asia/Manila,30.8,70,38.0,49,0.1,0.0,51,71,9.6,2026-09-24,13,Thursday,True,-7.199999999999999,False,Light drizzle
Manila,2026-09-24 14:00:00,14.586995,121.002785,Asia/Manila,30.5,72,36.8,69,0.1,0.0,51,93,9.8,2026-09-24,14,Thursday,True,-6.299999999999997,False,Light drizzle
Manila,2026-09-24 15:00:00,14.586995,121.002785,Asia/Manila,28.9,78,34.6,81,2.4,0.9,95,100,5.1,2026-09-24,15,Thursday,True,-5.700000000000003,False,Thunderstorm
Manila,2026-09-24 16:00:00,14.586995,121.002785,Asia/Manila,26.6,89,32.1,89,2.4,0.9,95,100,6.1,2026-09-24,16,Thursday,True,-5.5,False,Thunderstorm
Manila,2026-09-24 17:00:00,14.586995,121.002785,Asia/Manila,24.9,97,29.7,92,2.4,0.9,80,98,10.7,2026-09-24,17,Thursday,True,-4.800000000000001,False,Slight rain showers
Manila,2026-09-24 18:00:00,14.586995,121.002785,Asia/Manila,24.6,98,29.6,90,1.0,0.8,55,84,8.7,2026-09-24,18,Thursday,True,-5.0,False,Dense drizzle
Manila,2026-09-24 19:00:00,14.586995,121.002785,Asia/Manila,25.0,96,30.7,83,1.0,0.8,55,63,3.7,2026-09-24,19,Thursday,True,-5.699999999999999,False,Dense drizzle
Manila,2026-09-24 20:00:00,14.586995,121.002785,Asia/Manila,25.3,94,31.3,73,1.0,0.8,55,45,1.2,2026-09-24,20,Thursday,True,-6.0,False,Dense drizzle
Manila,2026-09-24 21:00:00,14.586995,121.002785,Asia/Manila,25.2,94,31.2,59,0.0,0.0,1,33,1.5,2026-09-24,21,Thursday,False,-6.0,False,Mainly clear
Manila,2026-09-24 22:00:00,14.586995,121.002785,Asia/Manila,25.1,94,30.8,43,0.0,0.0,1,24,3.1,2026-09-24,22,Thursday,False,-5.699999999999999,False,Mainly clear
Manila,2026-09-24 23:00:00,14.586995,121.002785,Asia/Manila,25.0,95,30.4,31,0.0,0.0,1,20,4.8,2026-09-24,23,Thursday,False,-5.399999999999999,False,Mainly clear
Manila,2026-09-25 00:00:00,14.586995,121.002785,Asia/Manila,24.8,95,30.2,28,0.0,0.0,1,21,5.1,2026-09-25,0,Friday,False,-5.399999999999999,False,Mainly clear
Manila,2026-09-25 01:00:00,14.586995,121.002785,Asia/Manila,24.7,95,29.9,29,0.0,0.0,1,27,5.2,2026-09-25,1,Friday,False,-5.199999999999999,False,Mainly clear
Manila,2026-09-25 02:00:00,14.586995,121.002785,Asia/Manila,24.6,95,29.8,29,0.0,0.0,1,36,5.0,2026-09-25,2,Friday,False,-5.199999999999999,False,Mainly clear
Manila,2026-09-25 03:00:00,14.586995,121.002785,Asia/Manila,24.4,96,29.5,25,0.0,0.0,2,53,4.9,2026-09-25,3,Friday,False,-5.100000000000001,False,Partly cloudy
Manila,2026-09-25 04:00:00,14.586995,121.002785,Asia/Manila,24.2,96,29.4,19,0.0,0.0,2,73,4.5,2026-09-25,4,Friday,False,-5.199999999999999,False,Partly cloudy
Manila,2026-09-25 05:00:00,14.586995,121.002785,Asia/Manila,24.3,96,29.5,14,0.0,0.0,3,81,4.3,2026-09-25,5,Friday,False,-5.199999999999999,False,Overcast
Manila,2026-09-25 06:00:00,14.586995,121.002785,Asia/Manila,24.8,94,30.2,9,0.0,0.0,2,67,4.0,2026-09-25,6,Friday,False,-5.399999999999999,False,Partly cloudy
Manila,2026-09-25 07:00:00,14.586995,121.002785,Asia/Manila,25.6,92,31.3,5,0.0,0.0,1,42,3.5,2026-09-25,7,Friday,False,-5.699999999999999,False,Mainly clear
Manila,2026-09-25 08:00:00,14.586995,121.002785,Asia/Manila,26.5,89,32.4,4,0.0,0.0,1,23,2.7,2026-09-25,8,Friday,False,-5.899999999999999,False,Mainly clear
Manila,2026-09-25 09:00:00,14.586995,121.002785,Asia/Manila,27.6,83,33.8,7,0.0,0.0,0,19,1.3,2026-09-25,9,Friday,False,-6.199999999999996,False,Clear sky
Manila,2026-09-25 10:00:00,14.586995,121.002785,Asia/Manila,28.8,77,36.3,13,0.0,0.0,1,22,1.3,2026-09-25,10,Friday,False,-7.4999999999999964,False,Mainly clear
Manila,2026-09-25 11:00:00,14.586995,121.002785,Asia/Manila,29.8,73,37.7,20,0.0,0.0,1,27,2.9,2026-09-25,11,Friday,False,-7.900000000000002,False,Mainly clear
Manila,2026-09-25 12:00:00,14.586995,121.002785,Asia/Manila,30.4,72,38.8,29,0.1,0.0,51,33,4.5,2026-09-25,12,Friday,True,-8.399999999999999,False,Light drizzle
Manila,2026-09-25 13:00:00,14.586995,121.002785,Asia/Manila,30.8,73,38.9,40,0.1,0.0,51,42,6.4,2026-09-25,13,Friday,True,-8.099999999999998,False,Light drizzle
Manila,2026-09-25 14:00:00,14.586995,121.002785,Asia/Manila,30.7,74,38.2,51,0.1,0.0,51,46,7.0,2026-09-25,14,Friday,True,-7.5000000000000036,False,Light drizzle
Manila,2026-09-25 15:00:00,14.586995,121.002785,Asia/Manila,29.8,77,36.1,63,2.3,0.4,95,43,5.8,2026-09-25,15,Friday,True,-6.300000000000001,False,Thunderstorm
Manila,2026-09-25 16:00:00,14.586995,121.002785,Asia/Manila,28.4,81,34.4,76,2.3,0.4,80,36,3.6,2026-09-25,16,Friday,True,-6.0,False,Slight rain showers
Manila,2026-09-25 17:00:00,14.586995,121.002785,Asia/Manila,27.2,85,33.2,84,2.3,0.4,80,32,2.3,2026-09-25,17,Friday,True,-6.0000000000000036,False,Slight rain showers
Manila,2026-09-25 18:00:00,14.586995,121.002785,Asia/Manila,26.4,89,32.7,84,1.5,0.8,80,33,0.5,2026-09-25,18,Friday,True,-6.300000000000004,False,Slight rain showers
Manila,2026-09-25 19:00:00,14.586995,121.002785,Asia/Manila,25.9,93,32.1,80,1.5,0.8,80,37,2.8,2026-09-25,19,Friday,True,-6.200000000000003,False,Slight rain showers
Manila,2026-09-25 20:00:00,14.586995,121.002785,Asia/Manila,25.6,96,31.5,73,1.5,0.8,80,39,4.8,2026-09-25,20,Friday,True,-5.899999999999999,False,Slight rain showers
Manila,2026-09-25 21:00:00,14.586995,121.002785,Asia/Manila,25.4,96,31.2,65,0.0,0.0,1,36,5.0,2026-09-25,21,Friday,False,-5.800000000000001,False,Mainly clear
Manila,2026-09-25 22:00:00,14.586995,121.002785,Asia/Manila,25.4,94,31.0,55,0.0,0.0,1,30,4.7,2026-09-25,22,Friday,False,-5.600000000000001,False,Mainly clear
Manila,2026-09-25 23:00:00,14.586995,121.002785,Asia/Manila,25.3,93,30.8,45,0.0,0.0,1,27,4.7,2026-09-25,23,Friday,False,-5.5,False,Mainly clear
Manila,2026-09-26 00:00:00,14.586995,121.002785,Asia/Manila,25.1,93,30.5,33,0.0,0.0,1,27,4.4,2026-09-26,0,Saturday,False,-5.399999999999999,False,Mainly clear
Manila,2026-09-26 01:00:00,14.586995,121.002785,Asia/Manila,24.8,94,30.2,21,0.0,0.0,1,30,4.0,2026-09-26,1,Saturday,False,-5.399999999999999,False,Mainly clear
Manila,2026-09-26 02:00:00,14.586995,121.002785,Asia/Manila,24.6,95,30.0,14,0.0,0.0,1,36,3.6,2026-09-26,2,Saturday,False,-5.399999999999999,False,Mainly clear
Manila,2026-09-26 03:00:00,14.586995,121.002785,Asia/Manila,24.4,95,29.6,18,0.0,0.0,1,49,4.0,2026-09-26,3,Saturday,False,-5.200000000000003,False,Mainly clear
Manila,2026-09-26 04:00:00,14.586995,121.002785,Asia/Manila,24.3,95,29.4,28,0.0,0.0,2,64,4.3,2026-09-26,4,Saturday,False,-5.099999999999998,False,Partly cloudy
Manila,2026-09-26 05:00:00,14.586995,121.002785,Asia/Manila,24.3,94,29.3,34,0.0,0.0,2,72,4.6,2026-09-26,5,Saturday,False,-5.0,False,Partly cloudy
Manila,2026-09-26 06:00:00,14.586995,121.002785,Asia/Manila,25.2,93,30.9,30,0.0,0.0,1,38,3.1,2026-09-26,6,Saturday,False,-5.699999999999999,False,Mainly clear
Manila,2026-09-26 07:00:00,14.586995,121.002785,Asia/Manila,25.6,91,31.2,22,0.0,0.0,1,38,3.1,2026-09-26,7,Saturday,False,-5.599999999999998,False,Mainly clear
Manila,2026-09-26 08:00:00,14.586995,121.002785,Asia/Manila,26.1,89,31.8,16,0.0,0.0,1,37,2.7,2026-09-26,8,Saturday,False,-5.699999999999999,False,Mainly clear
Manila,2026-09-26 09:00:00,14.586995,121.002785,Asia/Manila,26.8,85,33.0,16,0.0,0.0,1,34,1.9,2026-09-26,9,Saturday,False,-6.199999999999999,False,Mainly clear
Manila,2026-09-26 10:00:00,14.586995,121.002785,Asia/Manila,27.9,79,35.2,18,0.0,0.0,1,30,1.5,2026-09-26,10,Saturday,False,-7.300000000000004,False,Mainly clear
Manila,2026-09-26 11:00:00,14.586995,121.002785,Asia/Manila,29.0,74,36.8,21,0.0,0.0,1,26,3.3,2026-09-26,11,Saturday,False,-7.799999999999997,False,Mainly clear
Manila,2026-09-26 12:00:00,14.586995,121.002785,Asia/Manila,30.0,69,37.7,25,0.0,0.0,1,22,5.0,2026-09-26,12,Saturday,False,-7.700000000000003,False,Mainly clear
Manila,2026-09-26 13:00:00,14.586995,121.002785,Asia/Manila,30.8,65,38.0,31,0.0,0.0,0,19,6.5,2026-09-26,13,Saturday,False,-7.199999999999999,False,Clear sky
Manila,2026-09-26 14:00:00,14.586995,121.002785,Asia/Manila,31.1,64,37.5,37,0.0,0.0,0,19,7.0,2026-09-26,14,Saturday,False,-6.399999999999999,False,Clear sky
Manila,2026-09-26 15:00:00,14.586995,121.002785,Asia/Manila,30.8,65,36.0,45,0.3,0.1,51,23,6.3,2026-09-26,15,Saturday,True,-5.199999999999999,False,Light drizzle
Manila,2026-09-26 16:00:00,14.586995,121.002785,Asia/Manila,30.1,69,35.2,54,0.3,0.1,51,30,5.0,2026-09-26,16,Saturday,True,-5.100000000000001,False,Light drizzle
Manila,2026-09-26 17:00:00,14.586995,121.002785,Asia/Manila,29.1,73,34.5,62,0.3,0.1,51,39,3.6,2026-09-26,17,Saturday,True,-5.399999999999999,False,Light drizzle
Manila,2026-09-26 18:00:00,14.586995,121.002785,Asia/Manila,28.0,79,33.5,69,0.3,0.1,51,47,3.6,2026-09-26,18,Saturday,True,-5.5,False,Light drizzle
Manila,2026-09-26 19:00:00,14.586995,121.002785,Asia/Manila,27.0,85,32.5,76,0.3,0.1,51,54,4.7,2026-09-26,19,Saturday,True,-5.5,False,Light drizzle
Manila,2026-09-26 20:00:00,14.586995,121.002785,Asia/Manila,26.3,89,31.7,78,0.3,0.1,51,57,5.6,2026-09-26,20,Saturday,True,-5.399999999999999,False,Light drizzle
Manila,2026-09-26 21:00:00,14.586995,121.002785,Asia/Manila,26.0,91,31.4,74,0.0,0.0,2,55,6.0,2026-09-26,21,Saturday,False,-5.399999999999999,False,Partly cloudy
Manila,2026-09-26 22:00:00,14.586995,121.002785,Asia/Manila,25.7,93,31.2,67,0.0,0.0,2,51,5.6,2026-09-26,22,Saturday,False,-5.5,False,Partly cloudy
Manila,2026-09-26 23:00:00,14.586995,121.002785,Asia/Manila,25.6,93,31.2,58,0.0,0.0,1,44,5.2,2026-09-26,23,Saturday,False,-5.599999999999998,False,Mainly clear
Cebu City,2026-09-20 00:00:00,10.29877,123.84886,Asia/Manila,26.5,95,33.1,25,0.0,0.0,1,47,3.0,2026-09-20,0,Sunday,False,-6.600000000000001,False,Mainly clear
Cebu City,2026-09-20 01:00:00,10.29877,123.84886,Asia/Manila,26.3,94,32.9,13,0.0,0.0,1,43,1.9,2026-09-20,1,Sunday,False,-6.599999999999998,False,Mainly clear
Cebu City,2026-09-20 02:00:00,10.29877,123.84886,Asia/Manila,26.2,93,32.6,4,0.0,0.0,1,23,2.3,2026-09-20,2,Sunday,False,-6.400000000000002,False,Mainly clear
Cebu City,2026-09-20 03:00:00,10.29877,123.84886,Asia/Manila,25.8,94,31.9,1,0.0,0.0,2,75,3.2,2026-09-20,3,Sunday,False,-6.099999999999998,False,Partly cloudy
Cebu City,2026-09-20 04:00:00,10.29877,123.84886,Asia/Manila,25.4,95,31.2,2,0.0,0.0,3,95,4.0,2026-09-20,4,Sunday,False,-5.800000000000001,False,Overcast
Cebu City,2026-09-20 05:00:00,10.29877,123.84886,Asia/Manila,25.1,95,31.0,2,0.0,0.0,3,91,3.0,2026-09-20,5,Sunday,False,-5.899999999999999,False,Overcast
Cebu City,2026-09-20 06:00:00,10.29877,123.84886,Asia/Manila,25.2,95,31.1,0,0.0,0.0,3,98,2.9,2026-09-20,6,Sunday,False,-5.900000000000002,False,Overcast
Cebu City,2026-09-20 07:00:00,10.29877,123.84886,Asia/Manila,27.0,92,33.6,0,0.0,0.0,3,97,3.5,2026-09-20,7,Sunday,False,-6.600000000000001,False,Overcast
Cebu City,2026-09-20 08:00:00,10.29877,123.84886,Asia/Manila,29.6,75,35.3,2,0.0,0.0,3,99,5.7,2026-09-20,8,Sunday,False,-5.699999999999996,False,Overcast
Cebu City,2026-09-20 09:00:00,10.29877,123.84886,Asia/Manila,30.1,72,35.1,23,0.2,0.1,51,99,9.3,2026-09-20,9,Sunday,True,-5.0,False,Light drizzle
Cebu City,2026-09-20 10:00:00,10.29877,123.84886,Asia/Manila,30.5,71,36.4,51,0.3,0.1,51,98,10.0,2026-09-20,10,Sunday,True,-5.899999999999999,False,Light drizzle
Cebu City,2026-09-20 11:00:00,10.29877,123.84886,Asia/Manila,31.0,70,37.9,73,0.3,0.2,51,99,9.1,2026-09-20,11,Sunday,True,-6.899999999999999,False,Light drizzle
Cebu City,2026-09-20 12:00:00,10.29877,123.84886,Asia/Manila,31.3,70,38.5,82,0.3,0.2,51,98,8.0,2026-09-20,12,Sunday,True,-7.199999999999999,False,Light drizzle
Cebu City,2026-09-20 13:00:00,10.29877,123.84886,Asia/Manila,31.9,66,39.2,84,0.1,0.0,51,96,8.9,2026-09-20,13,Sunday,True,-7.300000000000004,False,Light drizzle
Cebu City,2026-09-20 14:00:00,10.29877,123.84886,Asia/Manila,31.7,66,38.3,86,0.2,0.1,51,95,8.7,2026-09-20,14,Sunday,True,-6.599999999999998,False,Light drizzle
Cebu City,2026-09-20 15:00:00,10.29877,123.84886,Asia/Manila,30.8,68,36.7,92,0.4,0.2,51,73,4.4,2026-09-20,15,Sunday,True,-5.900000000000002,False,Light drizzle
Cebu City,2026-09-20 16:00:00,10.29877,123.84886,Asia/Manila,30.6,68,36.0,98,0.3,0.3,51,55,4.1,2026-09-20,16,Sunday,True,-5.399999999999999,False,Light drizzle
Cebu City,2026-09-20 17:00:00,10.29877,123.84886,Asia/Manila,29.4,73,35.4,94,0.1,0.1,51,62,0.7,2026-09-20,17,Sunday,True,-6.0,False,Light drizzle
Cebu City,2026-09-20 18:00:00,10.29877,123.84886,Asia/Manila,28.2,84,34.6,72,0.1,0.1,51,51,3.1,2026-09-20,18,Sunday,True,-6.400000000000002,False,Light drizzle
Cebu City,2026-09-20 19:00:00,10.29877,123.84886,Asia/Manila,27.6,92,34.7,40,0.0,0.0,1,45,2.3,2026-09-20,19,Sunday,False,-7.100000000000001,False,Mainly clear
Cebu City,2026-09-20 20:00:00,10.29877,123.84886,Asia/Manila,27.2,97,34.9,16,0.0,0.0,2,57,0.9,2026-09-20,20,Sunday,False,-7.699999999999999,False,Partly cloudy
Cebu City,2026-09-20 21:00:00,10.29877,123.84886,Asia/Manila,26.9,94,33.8,7,0.4,0.0,51,74,2.3,2026-09-20,21,Sunday,True,-6.899999999999999,False,Light drizzle
Cebu City,2026-09-20 22:00:00,10.29877,123.84886,Asia/Manila,26.8,96,34.2,5,0.0,0.0,2,74,0.4,2026-09-20,22,Sunday,False,-7.400000000000002,False,Partly cloudy
Cebu City,2026-09-20 23:00:00,10.29877,123.84886,Asia/Manila,26.3,99,33.4,6,0.0,0.0,2,77,2.4,2026-09-20,23,Sunday,False,-7.099999999999998,False,Partly cloudy
Cebu City,2026-09-21 00:00:00,10.29877,123.84886,Asia/Manila,25.7,98,31.7,10,0.0,0.0,3,89,5.9,2026-09-21,0,Monday,False,-6.0,False,Overcast
Cebu City,2026-09-21 01:00:00,10.29877,123.84886,Asia/Manila,25.7,97,32.4,16,0.1,0.1,51,80,1.0,2026-09-21,1,Monday,True,-6.699999999999999,False,Light drizzle
Cebu City,2026-09-21 02:00:00,10.29877,123.84886,Asia/Manila,25.7,97,32.4,22,0.1,0.1,51,92,0.4,2026-09-21,2,Monday,True,-6.699999999999999,False,Light drizzle
Cebu City,2026-09-21 03:00:00,10.29877,123.84886,Asia/Manila,25.6,98,32.5,27,0.1,0.1,51,90,0.4,2026-09-21,3,Monday,True,-6.899999999999999,False,Light drizzle
Cebu City,2026-09-21 04:00:00,10.29877,123.84886,Asia/Manila,25.7,98,32.6,31,0.0,0.0,3,91,0.6,2026-09-21,4,Monday,False,-6.900000000000002,False,Overcast
Cebu City,2026-09-21 05:00:00,10.29877,123.84886,Asia/Manila,25.4,99,32.2,35,0.0,0.0,3,100,0.4,2026-09-21,5,Monday,False,-6.800000000000004,False,Overcast
Cebu City,2026-09-21 06:00:00,10.29877,123.84886,Asia/Manila,25.7,99,32.3,36,0.0,0.0,3,100,3.3,2026-09-21,6,Monday,False,-6.599999999999998,False,Overcast
Cebu City,2026-09-21 07:00:00,10.29877,123.84886,Asia/Manila,26.7,91,32.8,37,0.0,0.0,2,70,5.0,2026-09-21,7,Monday,False,-6.099999999999998,False,Partly cloudy
Cebu City,2026-09-21 08:00:00,10.29877,123.84886,Asia/Manila,27.5,88,33.5,41,0.1,0.0,51,48,6.9,2026-09-21,8,Monday,True,-6.0,False,Light drizzle
Cebu City,2026-09-21 09:00:00,10.29877,123.84886,Asia/Manila,29.0,81,35.3,52,0.1,0.0,51,64,6.6,2026-09-21,9,Monday,True,-6.299999999999997,False,Light drizzle
Cebu City,2026-09-21 10:00:00,10.29877,123.84886,Asia/Manila,30.2,75,37.3,66,0.1,0.0,51,94,7.7,2026-09-21,10,Monday,True,-7.099999999999998,False,Light drizzle
Cebu City,2026-09-21 11:00:00,10.29877,123.84886,Asia/Manila,30.6,72,37.2,78,0.1,0.0,51,94,8.4,2026-09-21,11,Monday,True,-6.600000000000001,False,Light drizzle
Cebu City,2026-09-21 12:00:00,10.29877,123.84886,Asia/Manila,30.4,75,37.1,87,0.1,0.0,51,100,9.5,2026-09-21,12,Monday,True,-6.700000000000003,False,Light drizzle
Cebu City,2026-09-21 13:00:00,10.29877,123.84886,Asia/Manila,29.4,79,35.6,95,0.4,0.0,51,100,7.3,2026-09-21,13,Monday,True,-6.200000000000003,False,Light drizzle
Cebu City,2026-09-21 14:00:00,10.29877,123.84886,Asia/Manila,29.5,78,36.0,100,0.4,0.1,51,96,4.6,2026-09-21,14,Monday,True,-6.5,False,Light drizzle
Cebu City,2026-09-21 15:00:00,10.29877,123.84886,Asia/Manila,28.7,81,34.3,100,0.6,0.4,53,99,7.6,2026-09-21,15,Monday,True,-5.599999999999998,False,Moderate drizzle
Cebu City,2026-09-21 16:00:00,10.29877,123.84886,Asia/Manila,28.6,80,34.4,100,0.3,0.3,51,98,5.4,2026-09-21,16,Monday,True,-5.799999999999997,False,Light drizzle
Cebu City,2026-09-21 17:00:00,10.29877,123.84886,Asia/Manila,28.1,81,33.9,96,0.1,0.1,51,99,3.5,2026-09-21,17,Monday,True,-5.799999999999997,False,Light drizzle
Cebu City,2026-09-21 18:00:00,10.29877,123.84886,Asia/Manila,27.0,88,33.4,82,0.0,0.0,3,98,1.7,2026-09-21,18,Monday,False,-6.399999999999999,False,Overcast
Cebu City,2026-09-21 19:00:00,10.29877,123.84886,Asia/Manila,26.7,92,33.3,64,0.0,0.0,3,98,2.7,2026-09-21,19,Monday,False,-6.599999999999998,False,Overcast
Cebu City,2026-09-21 20:00:00,10.29877,123.84886,Asia/Manila,26.4,96,33.3,49,0.0,0.0,3,98,2.2,2026-09-21,20,Monday,False,-6.899999999999999,False,Overcast
Cebu City,2026-09-21 21:00:00,10.29877,123.84886,Asia/Manila,25.8,98,32.4,41,0.7,0.0,53,95,2.3,2026-09-21,21,Monday,True,-6.599999999999998,False,Moderate drizzle
Cebu City,2026-09-21 22:00:00,10.29877,123.84886,Asia/Manila,25.5,99,31.7,37,0.2,0.2,51,76,4.8,2026-09-21,22,Monday,True,-6.199999999999999,False,Light drizzle
Cebu City,2026-09-21 23:00:00,10.29877,123.84886,Asia/Manila,25.0,99,31.4,35,0.5,0.2,53,100,1.9,2026-09-21,23,Monday,True,-6.399999999999999,False,Moderate drizzle
Cebu City,2026-09-22 00:00:00,10.29877,123.84886,Asia/Manila,25.1,99,30.9,38,0.3,0.3,51,89,5.4,2026-09-22,0,Tuesday,True,-5.799999999999997,False,Light drizzle
Cebu City,2026-09-22 01:00:00,10.29877,123.84886,Asia/Manila,24.9,99,30.4,43,0.1,0.1,51,98,7.1,2026-09-22,1,Tuesday,True,-5.5,False,Light drizzle
Cebu City,2026-09-22 02:00:00,10.29877,123.84886,Asia/Manila,24.7,98,30.2,45,0.0,0.0,3,100,5.5,2026-09-22,2,Tuesday,False,-5.5,False,Overcast
Cebu City,2026-09-22 03:00:00,10.29877,123.84886,Asia/Manila,24.6,97,29.7,39,0.0,0.0,3,98,6.5,2026-09-22,3,Tuesday,False,-5.099999999999998,False,Overcast
Cebu City,2026-09-22 04:00:00,10.29877,123.84886,Asia/Manila,24.5,97,29.7,28,0.0,0.0,3,84,5.4,2026-09-22,4,Tuesday,False,-5.199999999999999,False,Overcast
Cebu City,2026-09-22 05:00:00,10.29877,123.84886,Asia/Manila,24.5,97,29.8,20,0.0,0.0,2,54,4.7,2026-09-22,5,Tuesday,False,-5.300000000000001,False,Partly cloudy
Cebu City,2026-09-22 06:00:00,10.29877,123.84886,Asia/Manila,24.7,97,30.1,14,0.0,0.0,2,54,5.7,2026-09-22,6,Tuesday,False,-5.400000000000002,False,Partly cloudy
Cebu City,2026-09-22 07:00:00,10.29877,123.84886,Asia/Manila,26.4,92,32.3,11,0.0,0.0,1,25,6.0,2026-09-22,7,Tuesday,False,-5.899999999999999,False,Mainly clear
Cebu City,2026-09-22 08:00:00,10.29877,123.84886,Asia/Manila,27.7,85,33.4,14,0.0,0.0,1,32,7.3,2026-09-22,8,Tuesday,False,-5.699999999999999,False,Mainly clear
Cebu City,2026-09-22 09:00:00,10.29877,123.84886,Asia/Manila,29.0,78,34.6,28,0.1,0.0,51,29,7.4,2026-09-22,9,Tuesday,True,-5.600000000000001,False,Light drizzle
Cebu City,2026-09-22 10:00:00,10.29877,123.84886,Asia/Manila,29.7,73,35.6,49,0.1,0.0,51,100,8.2,2026-09-22,10,Tuesday,True,-5.900000000000002,False,Light drizzle
Cebu City,2026-09-22 11:00:00,10.29877,123.84886,Asia/Manila,29.3,77,34.8,67,0.2,0.1,51,95,8.5,2026-09-22,11,Tuesday,True,-5.4999999999999964,False,Light drizzle
Cebu City,2026-09-22 12:00:00,10.29877,123.84886,Asia/Manila,28.9,82,35.8,80,0.3,0.0,51,100,5.9,2026-09-22,12,Tuesday,True,-6.899999999999999,False,Light drizzle
Cebu City,2026-09-22 13:00:00,10.29877,123.84886,Asia/Manila,28.5,83,34.8,91,0.6,0.1,53,100,4.0,2026-09-22,13,Tuesday,True,-6.299999999999997,False,Moderate drizzle
Cebu City,2026-09-22 14:00:00,10.29877,123.84886,Asia/Manila,27.4,90,33.3,98,4.2,0.0,96,96,8.1,2026-09-22,14,Tuesday,True,-5.899999999999999,False,Thunderstorm with hail
Cebu City,2026-09-22 15:00:00,10.29877,123.84886,Asia/Manila,27.9,90,34.2,100,1.3,0.3,95,81,7.1,2026-09-22,15,Tuesday,True,-6.300000000000004,False,Thunderstorm
Cebu City,2026-09-22 16:00:00,10.29877,123.84886,Asia/Manila,28.6,85,34.8,100,0.2,0.0,95,91,7.0,2026-09-22,16,Tuesday,True,-6.199999999999996,False,Thunderstorm
Cebu City,2026-09-22 17:00:00,10.29877,123.84886,Asia/Manila,27.1,93,33.3,98,2.5,0.2,95,95,6.6,2026-09-22,17,Tuesday,True,-6.199999999999996,False,Thunderstorm
Cebu City,2026-09-22 18:00:00,10.29877,123.84886,Asia/Manila,26.3,98,32.4,93,0.3,0.3,51,91,8.4,2026-09-22,18,Tuesday,True,-6.099999999999998,False,Light drizzle
Cebu City,2026-09-22 19:00:00,10.29877,123.84886,Asia/Manila,25.4,99,31.3,87,0.0,0.0,3,94,7.3,2026-09-22,19,Tuesday,False,-5.900000000000002,False,Overcast
Cebu City,2026-09-22 20:00:00,10.29877,123.84886,Asia/Manila,25.2,99,31.3,76,0.0,0.0,3,98,5.2,2026-09-22,20,Tuesday,False,-6.100000000000001,False,Overcast
Cebu City,2026-09-22 21:00:00,10.29877,123.84886,Asia/Manila,25.3,100,31.8,59,0.0,0.0,3,100,3.1,2026-09-22,21,Tuesday,False,-6.5,False,Overcast
Cebu City,2026-09-22 22:00:00,10.29877,123.84886,Asia/Manila,25.3,99,31.8,37,0.0,0.0,3,98,2.5,2026-09-22,22,Tuesday,False,-6.5,False,Overcast
Cebu City,2026-09-22 23:00:00,10.29877,123.84886,Asia/Manila,25.3,98,31.7,22,0.0,0.0,3,100,2.1,2026-09-22,23,Tuesday,False,-6.399999999999999,False,Overcast
Cebu City,2026-09-23 00:00:00,10.29877,123.84886,Asia/Manila,25.4,97,31.7,17,0.0,0.0,3,100,1.7,2026-09-23,0,Wednesday,False,-6.300000000000001,False,Overcast
Cebu City,2026-09-23 01:00:00,10.29877,123.84886,Asia/Manila,25.3,97,31.6,18,0.0,0.0,3,95,1.8,2026-09-23,1,Wednesday,False,-6.300000000000001,False,Overcast
Cebu City,2026-09-23 02:00:00,10.29877,123.84886,Asia/Manila,25.1,96,31.1,18,0.0,0.0,3,88,2.7,2026-09-23,2,Wednesday,False,-6.0,False,Overcast
Cebu City,2026-09-23 03:00:00,10.29877,123.84886,Asia/Manila,25.0,97,30.9,16,0.0,0.0,3,91,3.6,2026-09-23,3,Wednesday,False,-5.899999999999999,False,Overcast
Cebu City,2026-09-23 04:00:00,10.29877,123.84886,Asia/Manila,24.9,97,30.9,14,0.0,0.0,3,94,2.9,2026-09-23,4,Wednesday,False,-6.0,False,Overcast
Cebu City,2026-09-23 05:00:00,10.29877,123.84886,Asia/Manila,24.8,98,30.9,12,0.0,0.0,3,88,2.3,2026-09-23,5,Wednesday,False,-6.099999999999998,False,Overcast
Cebu City,2026-09-23 06:00:00,10.29877,123.84886,Asia/Manila,24.9,97,30.8,9,0.0,0.0,3,88,3.2,2026-09-23,6,Wednesday,False,-5.900000000000002,False,Overcast
Cebu City,2026-09-23 07:00:00,10.29877,123.84886,Asia/Manila,26.4,91,32.6,7,0.0,0.0,2,79,2.5,2026-09-23,7,Wednesday,False,-6.200000000000003,False,Partly cloudy
Cebu City,2026-09-23 08:00:00,10.29877,123.84886,Asia/Manila,27.8,85,34.0,12,0.0,0.0,3,91,3.5,2026-09-23,8,Wednesday,False,-6.199999999999999,False,Overcast
Cebu City,2026-09-23 09:00:00,10.29877,123.84886,Asia/Manila,28.7,80,34.6,31,0.0,0.0,3,100,5.0,2026-09-23,9,Wednesday,False,-5.900000000000002,False,Overcast
Cebu City,2026-09-23 10:00:00,10.29877,123.84886,Asia/Manila,28.9,80,35.6,57,0.1,0.0,51,100,8.3,2026-09-23,10,Wednesday,True,-6.700000000000003,False,Light drizzle
Cebu City,2026-09-23 11:00:00,10.29877,123.84886,Asia/Manila,27.3,91,34.9,78,5.0,0.0,95,96,7.0,2026-09-23,11,Wednesday,True,-7.599999999999998,False,Thunderstorm
Cebu City,2026-09-23 12:00:00,10.29877,123.84886,Asia/Manila,27.1,100,35.2,89,2.7,0.7,95,92,1.5,2026-09-23,12,Wednesday,True,-8.100000000000001,False,Thunderstorm
Cebu City,2026-09-23 13:00:00,10.29877,123.84886,Asia/Manila,28.4,89,36.5,96,1.2,0.3,95,94,3.5,2026-09-23,13,Wednesday,True,-8.100000000000001,False,Thunderstorm
Cebu City,2026-09-23 14:00:00,10.29877,123.84886,Asia/Manila,28.6,86,35.3,100,0.4,0.0,95,97,4.7,2026-09-23,14,Wednesday,True,-6.699999999999996,False,Thunderstorm
Cebu City,2026-09-23 15:00:00,10.29877,123.84886,Asia/Manila,27.7,89,34.6,100,1.0,0.2,55,100,1.7,2026-09-23,15,Wednesday,True,-6.900000000000002,False,Dense drizzle
Cebu City,2026-09-23 16:00:00,10.29877,123.84886,Asia/Manila,26.6,91,32.9,100,5.0,0.3,95,100,2.4,2026-09-23,16,Wednesday,True,-6.299999999999997,False,Thunderstorm
Cebu City,2026-09-23 17:00:00,10.29877,123.84886,Asia/Manila,25.9,94,31.9,98,1.9,0.5,80,100,3.5,2026-09-23,17,Wednesday,True,-6.0,False,Slight rain showers
Cebu City,2026-09-23 18:00:00,10.29877,123.84886,Asia/Manila,25.1,97,31.2,89,4.4,0.7,95,99,2.2,2026-09-23,18,Wednesday,True,-6.099999999999998,False,Thunderstorm
Cebu City,2026-09-23 19:00:00,10.29877,123.84886,Asia/Manila,25.3,99,31.8,76,0.4,0.4,51,94,2.1,2026-09-23,19,Wednesday,True,-6.5,False,Light drizzle
Cebu City,2026-09-23 20:00:00,10.29877,123.84886,Asia/Manila,25.4,99,32.0,63,0.0,0.0,3,99,2.0,2026-09-23,20,Wednesday,False,-6.600000000000001,False,Overcast
Cebu City,2026-09-23 21:00:00,10.29877,123.84886,Asia/Manila,25.5,98,31.9,48,0.0,0.0,3,97,2.6,2026-09-23,21,Wednesday,False,-6.399999999999999,False,Overcast
Cebu City,2026-09-23 22:00:00,10.29877,123.84886,Asia/Manila,25.4,98,31.9,32,0.0,0.0,3,95,1.5,2026-09-23,22,Wednesday,False,-6.5,False,Overcast
Cebu City,2026-09-23 23:00:00,10.29877,123.84886,Asia/Manila,25.2,99,31.6,20,0.0,0.0,2,73,1.7,2026-09-23,23,Wednesday,False,-6.400000000000002,False,Partly cloudy
Cebu City,2026-09-24 00:00:00,10.29877,123.84886,Asia/Manila,25.1,98,31.4,14,0.0,0.0,3,86,2.1,2026-09-24,0,Thursday,False,-6.299999999999997,False,Overcast
Cebu City,2026-09-24 01:00:00,10.29877,123.84886,Asia/Manila,25.0,98,31.2,11,0.0,0.0,3,96,2.2,2026-09-24,1,Thursday,False,-6.199999999999999,False,Overcast
Cebu City,2026-09-24 02:00:00,10.29877,123.84886,Asia/Manila,25.1,97,31.3,10,0.0,0.0,3,95,2.0,2026-09-24,2,Thursday,False,-6.199999999999999,False,Overcast
Cebu City,2026-09-24 03:00:00,10.29877,123.84886,Asia/Manila,24.9,98,30.9,11,0.0,0.0,3,97,2.3,2026-09-24,3,Thursday,False,-6.0,False,Overcast
Cebu City,2026-09-24 04:00:00,10.29877,123.84886,Asia/Manila,24.7,98,30.6,13,0.0,0.0,3,98,2.5,2026-09-24,4,Thursday,False,-5.900000000000002,False,Overcast
Cebu City,2026-09-24 05:00:00,10.29877,123.84886,Asia/Manila,24.8,97,30.7,14,0.0,0.0,3,98,2.5,2026-09-24,5,Thursday,False,-5.899999999999999,False,Overcast
Cebu City,2026-09-24 06:00:00,10.29877,123.84886,Asia/Manila,25.4,94,31.4,9,0.0,0.0,3,99,2.2,2026-09-24,6,Thursday,False,-6.0,False,Overcast
Cebu City,2026-09-24 07:00:00,10.29877,123.84886,Asia/Manila,26.4,90,32.6,4,0.0,0.0,3,100,1.5,2026-09-24,7,Thursday,False,-6.200000000000003,False,Overcast
Cebu City,2026-09-24 08:00:00,10.29877,123.84886,Asia/Manila,27.3,86,33.7,8,0.0,0.0,3,100,0.4,2026-09-24,8,Thursday,False,-6.400000000000002,False,Overcast
Cebu City,2026-09-24 09:00:00,10.29877,123.84886,Asia/Manila,28.1,82,34.4,32,0.2,0.0,51,100,1.7,2026-09-24,9,Thursday,True,-6.299999999999997,False,Light drizzle
Cebu City,2026-09-24 10:00:00,10.29877,123.84886,Asia/Manila,29.0,79,35.5,65,0.2,0.0,51,100,3.8,2026-09-24,10,Thursday,True,-6.5,False,Light drizzle
Cebu City,2026-09-24 11:00:00,10.29877,123.84886,Asia/Manila,29.4,78,36.0,90,0.2,0.0,51,100,5.2,2026-09-24,11,Thursday,True,-6.600000000000001,False,Light drizzle
Cebu City,2026-09-24 12:00:00,10.29877,123.84886,Asia/Manila,29.1,81,35.6,98,3.8,0.4,96,95,4.6,2026-09-24,12,Thursday,True,-6.5,False,Thunderstorm with hail
Cebu City,2026-09-24 13:00:00,10.29877,123.84886,Asia/Manila,28.5,88,35.4,99,3.8,0.4,96,88,3.9,2026-09-24,13,Thursday,True,-6.899999999999999,False,Thunderstorm with hail
Cebu City,2026-09-24 14:00:00,10.29877,123.84886,Asia/Manila,27.8,93,35.0,98,3.8,0.4,96,84,3.6,2026-09-24,14,Thursday,True,-7.199999999999999,False,Thunderstorm with hail
Cebu City,2026-09-24 15:00:00,10.29877,123.84886,Asia/Manila,27.3,94,34.5,100,1.8,0.3,95,87,2.4,2026-09-24,15,Thursday,True,-7.199999999999999,False,Thunderstorm
Cebu City,2026-09-24 16:00:00,10.29877,123.84886,Asia/Manila,26.9,93,33.6,100,1.8,0.3,80,94,3.4,2026-09-24,16,Thursday,True,-6.700000000000003,False,Slight rain showers
Cebu City,2026-09-24 17:00:00,10.29877,123.84886,Asia/Manila,26.4,94,32.6,98,1.8,0.3,80,99,4.9,2026-09-24,17,Thursday,True,-6.200000000000003,False,Slight rain showers
Cebu City,2026-09-24 18:00:00,10.29877,123.84886,Asia/Manila,26.0,95,32.2,92,0.8,0.3,53,100,4.5,2026-09-24,18,Thursday,True,-6.200000000000003,False,Moderate drizzle
Cebu City,2026-09-24 19:00:00,10.29877,123.84886,Asia/Manila,25.6,97,32.0,83,0.8,0.3,53,100,3.1,2026-09-24,19,Thursday,True,-6.399999999999999,False,Moderate drizzle
Cebu City,2026-09-24 20:00:00,10.29877,123.84886,Asia/Manila,25.3,99,31.8,73,0.8,0.3,53,99,1.6,2026-09-24,20,Thursday,True,-6.5,False,Moderate drizzle
Cebu City,2026-09-24 21:00:00,10.29877,123.84886,Asia/Manila,25.0,99,31.7,62,0.3,0.1,51,95,0.0,2026-09-24,21,Thursday,True,-6.699999999999999,False,Light drizzle
Cebu City,2026-09-24 22:00:00,10.29877,123.84886,Asia/Manila,24.9,99,31.2,50,0.3,0.1,51,88,1.7,2026-09-24,22,Thursday,True,-6.300000000000001,False,Light drizzle
Cebu City,2026-09-24 23:00:00,10.29877,123.84886,Asia/Manila,24.7,99,30.7,39,0.3,0.1,51,83,2.7,2026-09-24,23,Thursday,True,-6.0,False,Light drizzle
Cebu City,2026-09-25 00:00:00,10.29877,123.84886,Asia/Manila,24.6,99,30.5,31,0.0,0.0,2,79,2.7,2026-09-25,0,Friday,False,-5.899999999999999,False,Partly cloudy
Cebu City,2026-09-25 01:00:00,10.29877,123.84886,Asia/Manila,24.6,98,30.3,25,0.0,0.0,2,76,3.7,2026-09-25,1,Friday,False,-5.699999999999999,False,Partly cloudy
Cebu City,2026-09-25 02:00:00,10.29877,123.84886,Asia/Manila,24.5,98,30.0,20,0.0,0.0,2,75,4.7,2026-09-25,2,Friday,False,-5.5,False,Partly cloudy
Cebu City,2026-09-25 03:00:00,10.29877,123.84886,Asia/Manila,24.3,98,29.8,18,0.0,0.0,2,78,4.3,2026-09-25,3,Friday,False,-5.5,False,Partly cloudy
Cebu City,2026-09-25 04:00:00,10.29877,123.84886,Asia/Manila,24.1,98,29.6,19,0.0,0.0,3,84,3.2,2026-09-25,4,Friday,False,-5.5,False,Overcast
Cebu City,2026-09-25 05:00:00,10.29877,123.84886,Asia/Manila,24.3,97,29.9,18,0.0,0.0,3,88,2.0,2026-09-25,5,Friday,False,-5.599999999999998,False,Overcast
Cebu City,2026-09-25 06:00:00,10.29877,123.84886,Asia/Manila,25.1,94,31.1,12,0.0,0.0,3,89,1.1,2026-09-25,6,Friday,False,-6.0,False,Overcast
Cebu City,2026-09-25 07:00:00,10.29877,123.84886,Asia/Manila,26.3,90,32.5,6,0.0,0.0,3,88,1.7,2026-09-25,7,Friday,False,-6.199999999999999,False,Overcast
Cebu City,2026-09-25 08:00:00,10.29877,123.84886,Asia/Manila,27.2,88,33.6,8,0.0,0.0,3,88,2.4,2026-09-25,8,Friday,False,-6.400000000000002,False,Overcast
Cebu City,2026-09-25 09:00:00,10.29877,123.84886,Asia/Manila,27.4,87,33.7,27,0.8,0.1,53,92,4.2,2026-09-25,9,Friday,True,-6.300000000000004,False,Moderate drizzle
Cebu City,2026-09-25 10:00:00,10.29877,123.84886,Asia/Manila,27.2,88,33.7,54,0.8,0.1,53,98,7.6,2026-09-25,10,Friday,True,-6.5000000000000036,False,Moderate drizzle
Cebu City,2026-09-25 11:00:00,10.29877,123.84886,Asia/Manila,27.1,88,33.6,76,0.8,0.1,53,100,9.6,2026-09-25,11,Friday,True,-6.5,False,Moderate drizzle
Cebu City,2026-09-25 12:00:00,10.29877,123.84886,Asia/Manila,27.5,90,34.4,88,2.5,0.9,95,94,7.9,2026-09-25,12,Friday,True,-6.899999999999999,False,Thunderstorm
Cebu City,2026-09-25 13:00:00,10.29877,123.84886,Asia/Manila,28.0,92,35.6,94,2.5,0.9,95,85,4.4,2026-09-25,13,Friday,True,-7.600000000000001,False,Thunderstorm
Cebu City,2026-09-25 14:00:00,10.29877,123.84886,Asia/Manila,28.0,94,35.8,98,2.5,0.9,95,80,1.8,2026-09-25,14,Friday,True,-7.799999999999997,False,Thunderstorm
Cebu City,2026-09-25 15:00:00,10.29877,123.84886,Asia/Manila,27.3,96,34.6,99,5.8,0.6,96,84,3.2,2026-09-25,15,Friday,True,-7.300000000000001,False,Thunderstorm with hail
Cebu City,2026-09-25 16:00:00,10.29877,123.84886,Asia/Manila,26.1,97,32.2,97,5.8,0.6,95,93,7.0,2026-09-25,16,Friday,True,-6.100000000000001,False,Thunderstorm
Cebu City,2026-09-25 17:00:00,10.29877,123.84886,Asia/Manila,25.2,98,30.6,92,5.8,0.6,95,97,8.9,2026-09-25,17,Friday,True,-5.400000000000002,False,Thunderstorm
Cebu City,2026-09-25 18:00:00,10.29877,123.84886,Asia/Manila,25.0,98,30.5,86,0.5,0.4,53,91,6.6,2026-09-25,18,Friday,True,-5.5,False,Moderate drizzle
Cebu City,2026-09-25 19:00:00,10.29877,123.84886,Asia/Manila,25.0,98,31.0,77,0.5,0.4,53,81,3.1,2026-09-25,19,Friday,True,-6.0,False,Moderate drizzle
Cebu City,2026-09-25 20:00:00,10.29877,123.84886,Asia/Manila,25.0,97,30.9,65,0.5,0.4,53,75,3.6,2026-09-25,20,Friday,True,-5.899999999999999,False,Moderate drizzle
Cebu City,2026-09-25 21:00:00,10.29877,123.84886,Asia/Manila,24.9,96,30.7,47,0.0,0.0,2,77,3.4,2026-09-25,21,Friday,False,-5.800000000000001,False,Partly cloudy
Cebu City,2026-09-25 22:00:00,10.29877,123.84886,Asia/Manila,24.8,96,30.7,27,0.0,0.0,3,83,2.0,2026-09-25,22,Friday,False,-5.899999999999999,False,Overcast
Cebu City,2026-09-25 23:00:00,10.29877,123.84886,Asia/Manila,24.7,95,30.4,12,0.0,0.0,3,88,1.5,2026-09-25,23,Friday,False,-5.699999999999999,False,Overcast
Cebu City,2026-09-26 00:00:00,10.29877,123.84886,Asia/Manila,24.4,96,29.9,8,0.0,0.0,3,92,2.3,2026-09-26,0,Saturday,False,-5.5,False,Overcast
Cebu City,2026-09-26 01:00:00,10.29877,123.84886,Asia/Manila,24.0,96,29.2,9,0.0,0.0,3,95,3.4,2026-09-26,1,Saturday,False,-5.199999999999999,False,Overcast
Cebu City,2026-09-26 02:00:00,10.29877,123.84886,Asia/Manila,23.7,97,28.7,10,0.0,0.0,3,95,4.3,2026-09-26,2,Saturday,False,-5.0,False,Overcast
Cebu City,2026-09-26 03:00:00,10.29877,123.84886,Asia/Manila,23.4,98,28.2,9,0.0,0.0,3,91,4.6,2026-09-26,3,Saturday,False,-4.800000000000001,False,Overcast
Cebu City,2026-09-26 04:00:00,10.29877,123.84886,Asia/Manila,23.2,98,28.0,9,0.0,0.0,3,85,4.3,2026-09-26,4,Saturday,False,-4.800000000000001,False,Overcast
Cebu City,2026-09-26 05:00:00,10.29877,123.84886,Asia/Manila,23.5,97,28.4,8,0.0,0.0,2,79,3.7,2026-09-26,5,Saturday,False,-4.899999999999999,False,Partly cloudy
Cebu City,2026-09-26 06:00:00,10.29877,123.84886,Asia/Manila,26.3,87,32.3,6,0.0,0.0,2,71,0.7,2026-09-26,6,Saturday,False,-5.9999999999999964,False,Partly cloudy
Cebu City,2026-09-26 07:00:00,10.29877,123.84886,Asia/Manila,27.1,85,33.2,5,0.0,0.0,2,65,0.9,2026-09-26,7,Saturday,False,-6.100000000000001,False,Partly cloudy
Cebu City,2026-09-26 08:00:00,10.29877,123.84886,Asia/Manila,27.6,83,33.8,8,0.0,0.0,2,61,1.5,2026-09-26,8,Saturday,False,-6.199999999999996,False,Partly cloudy
Cebu City,2026-09-26 09:00:00,10.29877,123.84886,Asia/Manila,28.0,83,34.2,19,1.2,0.3,55,60,2.4,2026-09-26,9,Saturday,True,-6.200000000000003,False,Dense drizzle
Cebu City,2026-09-26 10:00:00,10.29877,123.84886,Asia/Manila,28.3,82,35.4,34,1.2,0.3,55,61,4.1,2026-09-26,10,Saturday,True,-7.099999999999998,False,Dense drizzle
Cebu City,2026-09-26 11:00:00,10.29877,123.84886,Asia/Manila,28.6,82,36.0,50,1.2,0.3,55,64,6.2,2026-09-26,11,Saturday,True,-7.399999999999999,False,Dense drizzle
Cebu City,2026-09-26 12:00:00,10.29877,123.84886,Asia/Manila,28.7,83,36.1,66,1.2,0.3,55,67,8.1,2026-09-26,12,Saturday,True,-7.400000000000002,False,Dense drizzle
Cebu City,2026-09-26 13:00:00,10.29877,123.84886,Asia/Manila,28.7,83,35.9,82,1.2,0.3,95,70,9.5,2026-09-26,13,Saturday,True,-7.199999999999999,False,Thunderstorm
Cebu City,2026-09-26 14:00:00,10.29877,123.84886,Asia/Manila,28.6,84,35.2,94,1.2,0.3,95,73,9.8,2026-09-26,14,Saturday,True,-6.600000000000001,False,Thunderstorm
Cebu City,2026-09-26 15:00:00,10.29877,123.84886,Asia/Manila,28.3,86,34.2,99,0.2,0.1,51,76,9.0,2026-09-26,15,Saturday,True,-5.900000000000002,False,Light drizzle
Cebu City,2026-09-26 16:00:00,10.29877,123.84886,Asia/Manila,27.8,88,33.9,100,0.2,0.1,51,81,7.2,2026-09-26,16,Saturday,True,-6.099999999999998,False,Light drizzle
Cebu City,2026-09-26 17:00:00,10.29877,123.84886,Asia/Manila,27.2,90,33.5,100,0.2,0.1,51,85,5.0,2026-09-26,17,Saturday,True,-6.300000000000001,False,Light drizzle
Cebu City,2026-09-26 18:00:00,10.29877,123.84886,Asia/Manila,26.6,92,33.0,100,0.2,0.1,51,89,3.1,2026-09-26,18,Saturday,True,-6.399999999999999,False,Light drizzle
Cebu City,2026-09-26 19:00:00,10.29877,123.84886,Asia/Manila,26.0,95,32.4,99,0.2,0.1,51,93,2.7,2026-09-26,19,Saturday,True,-6.399999999999999,False,Light drizzle
Cebu City,2026-09-26 20:00:00,10.29877,123.84886,Asia/Manila,25.6,96,31.7,94,0.2,0.1,51,95,3.5,2026-09-26,20,Saturday,True,-6.099999999999998,False,Light drizzle
Cebu City,2026-09-26 21:00:00,10.29877,123.84886,Asia/Manila,25.2,97,31.1,84,0.0,0.0,3,96,4.0,2026-09-26,21,Saturday,False,-5.900000000000002,False,Overcast
Cebu City,2026-09-26 22:00:00,10.29877,123.84886,Asia/Manila,24.9,97,30.6,70,0.0,0.0,3,95,4.1,2026-09-26,22,Saturday,False,-5.700000000000003,False,Overcast
Cebu City,2026-09-26 23:00:00,10.29877,123.84886,Asia/Manila,24.6,98,30.2,56,0.0,0.0,3,94,4.0,2026-09-26,23,Saturday,False,-5.599999999999998,False,Overcast
Davao City,2026-09-20 00:00:00,7.0650263,125.574326,Asia/Manila,26.7,84,32.3,69,0.0,0.0,3,98,3.5,2026-09-20,0,Sunday,False,-5.599999999999998,False,Overcast
Davao City,2026-09-20 01:00:00,7.0650263,125.574326,Asia/Manila,26.5,86,31.9,45,0.0,0.0,3,96,5.6,2026-09-20,1,Sunday,False,-5.399999999999999,False,Overcast
Davao City,2026-09-20 02:00:00,7.0650263,125.574326,Asia/Manila,26.3,87,31.6,33,0.0,0.0,3,84,6.1,2026-09-20,2,Sunday,False,-5.300000000000001,False,Overcast
Davao City,2026-09-20 03:00:00,7.0650263,125.574326,Asia/Manila,26.1,89,31.6,45,0.0,0.0,1,20,5.2,2026-09-20,3,Sunday,False,-5.5,False,Mainly clear
Davao City,2026-09-20 04:00:00,7.0650263,125.574326,Asia/Manila,25.8,91,31.3,68,0.0,0.0,0,13,5.0,2026-09-20,4,Sunday,False,-5.5,False,Clear sky
Davao City,2026-09-20 05:00:00,7.0650263,125.574326,Asia/Manila,25.4,92,30.8,82,0.0,0.0,3,89,5.0,2026-09-20,5,Sunday,False,-5.400000000000002,False,Overcast
Davao City,2026-09-20 06:00:00,7.0650263,125.574326,Asia/Manila,25.5,90,30.7,77,0.0,0.0,3,100,5.4,2026-09-20,6,Sunday,False,-5.199999999999999,False,Overcast
Davao City,2026-09-20 07:00:00,7.0650263,125.574326,Asia/Manila,26.7,83,32.0,64,0.0,0.0,3,98,3.9,2026-09-20,7,Sunday,False,-5.300000000000001,False,Overcast
Davao City,2026-09-20 08:00:00,7.0650263,125.574326,Asia/Manila,28.5,74,33.7,53,0.0,0.0,2,73,4.2,2026-09-20,8,Sunday,False,-5.200000000000003,False,Partly cloudy
Davao City,2026-09-20 09:00:00,7.0650263,125.574326,Asia/Manila,29.0,73,33.9,46,0.0,0.0,2,74,6.4,2026-09-20,9,Sunday,False,-4.899999999999999,False,Partly cloudy
Davao City,2026-09-20 10:00:00,7.0650263,125.574326,Asia/Manila,29.7,70,35.3,41,0.0,0.0,3,98,8.9,2026-09-20,10,Sunday,False,-5.599999999999998,False,Overcast
Davao City,2026-09-20 11:00:00,7.0650263,125.574326,Asia/Manila,30.5,65,36.4,43,0.0,0.0,3,100,9.8,2026-09-20,11,Sunday,False,-5.899999999999999,False,Overcast
Davao City,2026-09-20 12:00:00,7.0650263,125.574326,Asia/Manila,30.7,64,36.1,57,0.0,0.0,3,100,11.5,2026-09-20,12,Sunday,False,-5.400000000000002,False,Overcast
Davao City,2026-09-20 13:00:00,7.0650263,125.574326,Asia/Manila,30.6,66,35.8,77,0.0,0.0,3,99,14.0,2026-09-20,13,Sunday,False,-5.199999999999996,False,Overcast
Davao City,2026-09-20 14:00:00,7.0650263,125.574326,Asia/Manila,30.2,70,35.3,92,0.0,0.0,3,98,14.9,2026-09-20,14,Sunday,False,-5.099999999999998,False,Overcast
Davao City,2026-09-20 15:00:00,7.0650263,125.574326,Asia/Manila,29.7,73,33.6,97,0.0,0.0,3,95,16.6,2026-09-20,15,Sunday,False,-3.900000000000002,False,Overcast
Davao City,2026-09-20 16:00:00,7.0650263,125.574326,Asia/Manila,29.0,75,33.1,98,0.0,0.0,3,84,14.5,2026-09-20,16,Sunday,False,-4.100000000000001,False,Overcast
Davao City,2026-09-20 17:00:00,7.0650263,125.574326,Asia/Manila,27.6,79,32.4,98,0.1,0.0,51,91,7.6,2026-09-20,17,Sunday,True,-4.799999999999997,False,Light drizzle
Davao City,2026-09-20 18:00:00,7.0650263,125.574326,Asia/Manila,26.9,85,32.3,99,0.1,0.1,51,92,5.6,2026-09-20,18,Sunday,True,-5.399999999999999,False,Light drizzle
Davao City,2026-09-20 19:00:00,7.0650263,125.574326,Asia/Manila,26.4,87,32.2,99,0.1,0.1,51,100,1.9,2026-09-20,19,Sunday,True,-5.800000000000004,False,Light drizzle
Davao City,2026-09-20 20:00:00,7.0650263,125.574326,Asia/Manila,26.1,87,31.6,96,0.1,0.1,51,98,3.8,2026-09-20,20,Sunday,True,-5.5,False,Light drizzle
Davao City,2026-09-20 21:00:00,7.0650263,125.574326,Asia/Manila,25.6,90,30.8,89,0.0,0.0,3,100,5.8,2026-09-20,21,Sunday,False,-5.199999999999999,False,Overcast
Davao City,2026-09-20 22:00:00,7.0650263,125.574326,Asia/Manila,25.3,91,30.6,79,0.0,0.0,3,100,4.5,2026-09-20,22,Sunday,False,-5.300000000000001,False,Overcast
Davao City,2026-09-20 23:00:00,7.0650263,125.574326,Asia/Manila,25.3,90,30.6,73,0.0,0.0,3,100,4.1,2026-09-20,23,Sunday,False,-5.300000000000001,False,Overcast
Davao City,2026-09-21 00:00:00,7.0650263,125.574326,Asia/Manila,25.2,91,30.6,73,0.0,0.0,3,100,3.1,2026-09-21,0,Monday,False,-5.400000000000002,False,Overcast
Davao City,2026-09-21 01:00:00,7.0650263,125.574326,Asia/Manila,25.1,91,30.5,76,0.0,0.0,3,84,3.0,2026-09-21,1,Monday,False,-5.399999999999999,False,Overcast
Davao City,2026-09-21 02:00:00,7.0650263,125.574326,Asia/Manila,25.1,91,30.4,78,0.0,0.0,1,42,3.1,2026-09-21,2,Monday,False,-5.299999999999997,False,Mainly clear
Davao City,2026-09-21 03:00:00,7.0650263,125.574326,Asia/Manila,25.0,91,30.1,78,0.0,0.0,3,93,4.4,2026-09-21,3,Monday,False,-5.100000000000001,False,Overcast
Davao City,2026-09-21 04:00:00,7.0650263,125.574326,Asia/Manila,24.9,88,29.6,78,0.0,0.0,3,88,4.5,2026-09-21,4,Monday,False,-4.700000000000003,False,Overcast
Davao City,2026-09-21 05:00:00,7.0650263,125.574326,Asia/Manila,24.7,88,29.6,78,0.0,0.0,3,96,2.8,2026-09-21,5,Monday,False,-4.900000000000002,False,Overcast
Davao City,2026-09-21 06:00:00,7.0650263,125.574326,Asia/Manila,24.8,87,29.6,77,0.0,0.0,3,85,3.3,2026-09-21,6,Monday,False,-4.800000000000001,False,Overcast
Davao City,2026-09-21 07:00:00,7.0650263,125.574326,Asia/Manila,25.8,80,30.3,75,0.0,0.0,2,69,3.3,2026-09-21,7,Monday,False,-4.5,False,Partly cloudy
Davao City,2026-09-21 08:00:00,7.0650263,125.574326,Asia/Manila,27.3,72,31.5,76,0.0,0.0,1,47,3.9,2026-09-21,8,Monday,False,-4.199999999999999,False,Mainly clear
Davao City,2026-09-21 09:00:00,7.0650263,125.574326,Asia/Manila,27.8,71,31.7,82,0.0,0.0,2,51,7.4,2026-09-21,9,Monday,False,-3.8999999999999986,False,Partly cloudy
Davao City,2026-09-21 10:00:00,7.0650263,125.574326,Asia/Manila,29.1,67,33.9,91,0.0,0.0,1,33,8.5,2026-09-21,10,Monday,False,-4.799999999999997,False,Mainly clear
Davao City,2026-09-21 11:00:00,7.0650263,125.574326,Asia/Manila,30.0,66,36.1,98,0.0,0.0,1,21,9.4,2026-09-21,11,Monday,False,-6.100000000000001,False,Mainly clear
Davao City,2026-09-21 12:00:00,7.0650263,125.574326,Asia/Manila,30.0,69,35.8,100,0.0,0.0,0,18,12.0,2026-09-21,12,Monday,False,-5.799999999999997,False,Clear sky
Davao City,2026-09-21 13:00:00,7.0650263,125.574326,Asia/Manila,30.6,67,36.7,100,0.0,0.0,1,38,10.9,2026-09-21,13,Monday,False,-6.100000000000001,False,Mainly clear
Davao City,2026-09-21 14:00:00,7.0650263,125.574326,Asia/Manila,29.7,72,35.6,100,0.1,0.1,51,57,11.0,2026-09-21,14,Monday,True,-5.900000000000002,False,Light drizzle
Davao City,2026-09-21 15:00:00,7.0650263,125.574326,Asia/Manila,28.8,77,33.7,100,0.1,0.1,51,77,10.1,2026-09-21,15,Monday,True,-4.900000000000002,False,Light drizzle
Davao City,2026-09-21 16:00:00,7.0650263,125.574326,Asia/Manila,28.3,79,33.9,100,0.2,0.2,51,91,5.4,2026-09-21,16,Monday,True,-5.599999999999998,False,Light drizzle
Davao City,2026-09-21 17:00:00,7.0650263,125.574326,Asia/Manila,27.7,83,33.4,100,0.1,0.1,51,98,4.4,2026-09-21,17,Monday,True,-5.699999999999999,False,Light drizzle
Davao City,2026-09-21 18:00:00,7.0650263,125.574326,Asia/Manila,26.0,93,31.6,100,1.1,0.1,55,99,6.6,2026-09-21,18,Monday,True,-5.600000000000001,False,Dense drizzle
Davao City,2026-09-21 19:00:00,7.0650263,125.574326,Asia/Manila,25.8,93,31.1,100,0.4,0.4,51,99,8.5,2026-09-21,19,Monday,True,-5.300000000000001,False,Light drizzle
Davao City,2026-09-21 20:00:00,7.0650263,125.574326,Asia/Manila,25.3,94,30.3,100,0.1,0.1,51,99,9.0,2026-09-21,20,Monday,True,-5.0,False,Light drizzle
Davao City,2026-09-21 21:00:00,7.0650263,125.574326,Asia/Manila,25.1,94,30.2,89,0.0,0.0,3,98,7.6,2026-09-21,21,Monday,False,-5.099999999999998,False,Overcast
Davao City,2026-09-21 22:00:00,7.0650263,125.574326,Asia/Manila,25.1,93,30.3,75,0.0,0.0,3,96,5.5,2026-09-21,22,Monday,False,-5.199999999999999,False,Overcast
Davao City,2026-09-21 23:00:00,7.0650263,125.574326,Asia/Manila,25.0,94,30.5,65,0.0,0.0,3,99,3.6,2026-09-21,23,Monday,False,-5.5,False,Overcast
Davao City,2026-09-22 00:00:00,7.0650263,125.574326,Asia/Manila,24.9,93,30.4,65,0.0,0.0,3,84,3.3,2026-09-22,0,Tuesday,False,-5.5,False,Overcast
Davao City,2026-09-22 01:00:00,7.0650263,125.574326,Asia/Manila,25.0,92,30.6,69,0.0,0.0,3,89,2.7,2026-09-22,1,Tuesday,False,-5.600000000000001,False,Overcast
Davao City,2026-09-22 02:00:00,7.0650263,125.574326,Asia/Manila,24.9,92,30.4,73,0.0,0.0,3,90,2.7,2026-09-22,2,Tuesday,False,-5.5,False,Overcast
Davao City,2026-09-22 03:00:00,7.0650263,125.574326,Asia/Manila,24.8,90,29.8,75,0.0,0.0,3,97,4.3,2026-09-22,3,Tuesday,False,-5.0,False,Overcast
Davao City,2026-09-22 04:00:00,7.0650263,125.574326,Asia/Manila,24.7,88,29.3,76,0.0,0.0,3,88,4.5,2026-09-22,4,Tuesday,False,-4.600000000000001,False,Overcast
Davao City,2026-09-22 05:00:00,7.0650263,125.574326,Asia/Manila,24.4,88,28.7,76,0.4,0.4,51,96,5.2,2026-09-22,5,Tuesday,True,-4.300000000000001,False,Light drizzle
Davao City,2026-09-22 06:00:00,7.0650263,125.574326,Asia/Manila,24.4,89,29.1,72,0.5,0.5,53,98,3.7,2026-09-22,6,Tuesday,True,-4.700000000000003,False,Moderate drizzle
Davao City,2026-09-22 07:00:00,7.0650263,125.574326,Asia/Manila,24.8,89,29.6,66,0.1,0.1,51,100,4.7,2026-09-22,7,Tuesday,True,-4.800000000000001,False,Light drizzle
Davao City,2026-09-22 08:00:00,7.0650263,125.574326,Asia/Manila,25.3,89,30.5,63,0.6,0.6,53,79,4.0,2026-09-22,8,Tuesday,True,-5.199999999999999,False,Moderate drizzle
Davao City,2026-09-22 09:00:00,7.0650263,125.574326,Asia/Manila,27.2,74,31.8,64,0.0,0.0,1,45,3.4,2026-09-22,9,Tuesday,False,-4.600000000000001,False,Mainly clear
Davao City,2026-09-22 10:00:00,7.0650263,125.574326,Asia/Manila,28.4,66,32.2,67,0.1,0.1,51,12,6.6,2026-09-22,10,Tuesday,True,-3.8000000000000043,False,Light drizzle
Davao City,2026-09-22 11:00:00,7.0650263,125.574326,Asia/Manila,30.2,62,35.7,71,0.1,0.1,51,15,8.6,2026-09-22,11,Tuesday,True,-5.5000000000000036,False,Light drizzle
Davao City,2026-09-22 12:00:00,7.0650263,125.574326,Asia/Manila,30.6,63,36.0,77,0.1,0.1,51,18,9.3,2026-09-22,12,Tuesday,True,-5.399999999999999,False,Light drizzle
Davao City,2026-09-22 13:00:00,7.0650263,125.574326,Asia/Manila,31.4,59,36.9,84,0.1,0.1,51,24,11.4,2026-09-22,13,Tuesday,True,-5.5,False,Light drizzle
Davao City,2026-09-22 14:00:00,7.0650263,125.574326,Asia/Manila,30.0,66,33.7,90,0.1,0.1,51,80,12.8,2026-09-22,14,Tuesday,True,-3.700000000000003,False,Light drizzle
Davao City,2026-09-22 15:00:00,7.0650263,125.574326,Asia/Manila,28.9,72,33.1,94,0.1,0.1,51,97,11.1,2026-09-22,15,Tuesday,True,-4.200000000000003,False,Light drizzle
Davao City,2026-09-22 16:00:00,7.0650263,125.574326,Asia/Manila,27.9,79,32.9,98,0.2,0.2,51,97,7.3,2026-09-22,16,Tuesday,True,-5.0,False,Light drizzle
Davao City,2026-09-22 17:00:00,7.0650263,125.574326,Asia/Manila,26.0,92,31.9,98,2.7,0.7,81,99,4.2,2026-09-22,17,Tuesday,True,-5.899999999999999,False,Moderate rain showers
Davao City,2026-09-22 18:00:00,7.0650263,125.574326,Asia/Manila,25.6,94,31.3,94,1.2,1.1,55,98,5.6,2026-09-22,18,Tuesday,True,-5.699999999999999,False,Dense drizzle
Davao City,2026-09-22 19:00:00,7.0650263,125.574326,Asia/Manila,25.1,96,30.8,87,0.7,0.6,53,98,5.2,2026-09-22,19,Tuesday,True,-5.699999999999999,False,Moderate drizzle
Davao City,2026-09-22 20:00:00,7.0650263,125.574326,Asia/Manila,25.2,95,30.5,80,0.1,0.1,51,96,6.8,2026-09-22,20,Tuesday,True,-5.300000000000001,False,Light drizzle
Davao City,2026-09-22 21:00:00,7.0650263,125.574326,Asia/Manila,25.1,94,30.5,72,0.0,0.0,3,98,5.9,2026-09-22,21,Tuesday,False,-5.399999999999999,False,Overcast
Davao City,2026-09-22 22:00:00,7.0650263,125.574326,Asia/Manila,25.1,94,30.6,64,0.0,0.0,3,99,4.8,2026-09-22,22,Tuesday,False,-5.5,False,Overcast
Davao City,2026-09-22 23:00:00,7.0650263,125.574326,Asia/Manila,25.0,95,30.4,55,0.0,0.0,3,88,5.1,2026-09-22,23,Tuesday,False,-5.399999999999999,False,Overcast
Davao City,2026-09-23 00:00:00,7.0650263,125.574326,Asia/Manila,24.9,95,30.4,44,0.0,0.0,3,98,4.8,2026-09-23,0,Wednesday,False,-5.5,False,Overcast
Davao City,2026-09-23 01:00:00,7.0650263,125.574326,Asia/Manila,24.8,95,30.2,32,0.0,0.0,3,99,4.9,2026-09-23,1,Wednesday,False,-5.399999999999999,False,Overcast
Davao City,2026-09-23 02:00:00,7.0650263,125.574326,Asia/Manila,24.8,95,30.5,25,0.0,0.0,2,61,2.7,2026-09-23,2,Wednesday,False,-5.699999999999999,False,Partly cloudy
Davao City,2026-09-23 03:00:00,7.0650263,125.574326,Asia/Manila,24.7,96,30.4,28,0.0,0.0,2,79,2.6,2026-09-23,3,Wednesday,False,-5.699999999999999,False,Partly cloudy
Davao City,2026-09-23 04:00:00,7.0650263,125.574326,Asia/Manila,24.9,95,30.9,36,0.0,0.0,2,64,0.4,2026-09-23,4,Wednesday,False,-6.0,False,Partly cloudy
Davao City,2026-09-23 05:00:00,7.0650263,125.574326,Asia/Manila,24.9,93,30.9,43,0.0,0.0,1,26,0.0,2026-09-23,5,Wednesday,False,-6.0,False,Mainly clear
Davao City,2026-09-23 06:00:00,7.0650263,125.574326,Asia/Manila,25.2,91,30.8,44,0.0,0.0,3,80,2.3,2026-09-23,6,Wednesday,False,-5.600000000000001,False,Overcast
Davao City,2026-09-23 07:00:00,7.0650263,125.574326,Asia/Manila,25.8,89,31.5,44,0.0,0.0,3,89,2.7,2026-09-23,7,Wednesday,False,-5.699999999999999,False,Overcast
Davao City,2026-09-23 08:00:00,7.0650263,125.574326,Asia/Manila,27.2,81,32.6,45,0.0,0.0,3,100,3.5,2026-09-23,8,Wednesday,False,-5.400000000000002,False,Overcast
Davao City,2026-09-23 09:00:00,7.0650263,125.574326,Asia/Manila,28.5,75,33.7,48,0.0,0.0,3,98,5.7,2026-09-23,9,Wednesday,False,-5.200000000000003,False,Overcast
Davao City,2026-09-23 10:00:00,7.0650263,125.574326,Asia/Manila,28.7,75,34.3,52,0.0,0.0,3,95,8.5,2026-09-23,10,Wednesday,False,-5.599999999999998,False,Overcast
Davao City,2026-09-23 11:00:00,7.0650263,125.574326,Asia/Manila,29.3,73,36.0,59,0.0,0.0,3,95,9.4,2026-09-23,11,Wednesday,False,-6.699999999999999,False,Overcast
Davao City,2026-09-23 12:00:00,7.0650263,125.574326,Asia/Manila,29.8,72,36.0,70,0.0,0.0,3,95,10.3,2026-09-23,12,Wednesday,False,-6.199999999999999,False,Overcast
Davao City,2026-09-23 13:00:00,7.0650263,125.574326,Asia/Manila,30.0,70,35.9,84,0.0,0.0,2,61,11.0,2026-09-23,13,Wednesday,False,-5.899999999999999,False,Partly cloudy
Davao City,2026-09-23 14:00:00,7.0650263,125.574326,Asia/Manila,28.9,75,33.6,94,0.2,0.1,51,83,12.3,2026-09-23,14,Wednesday,True,-4.700000000000003,False,Light drizzle
Davao City,2026-09-23 15:00:00,7.0650263,125.574326,Asia/Manila,28.4,79,33.2,97,0.2,0.2,51,95,11.0,2026-09-23,15,Wednesday,True,-4.800000000000004,False,Light drizzle
Davao City,2026-09-23 16:00:00,7.0650263,125.574326,Asia/Manila,27.7,81,32.9,95,0.0,0.0,3,99,7.1,2026-09-23,16,Wednesday,False,-5.199999999999999,False,Overcast
Davao City,2026-09-23 17:00:00,7.0650263,125.574326,Asia/Manila,27.2,83,32.9,92,0.0,0.0,3,98,3.2,2026-09-23,17,Wednesday,False,-5.699999999999999,False,Overcast
Davao City,2026-09-23 18:00:00,7.0650263,125.574326,Asia/Manila,26.7,86,32.4,89,0.0,0.0,3,99,2.9,2026-09-23,18,Wednesday,False,-5.699999999999999,False,Overcast
Davao City,2026-09-23 19:00:00,7.0650263,125.574326,Asia/Manila,26.6,87,32.5,84,0.0,0.0,3,97,2.6,2026-09-23,19,Wednesday,False,-5.899999999999999,False,Overcast
Davao City,2026-09-23 20:00:00,7.0650263,125.574326,Asia/Manila,26.3,90,31.7,76,0.0,0.0,3,100,7.1,2026-09-23,20,Wednesday,False,-5.399999999999999,False,Overcast
Davao City,2026-09-23 21:00:00,7.0650263,125.574326,Asia/Manila,26.0,91,31.2,63,0.0,0.0,3,94,8.0,2026-09-23,21,Wednesday,False,-5.199999999999999,False,Overcast
Davao City,2026-09-23 22:00:00,7.0650263,125.574326,Asia/Manila,25.7,91,30.8,48,0.0,0.0,3,99,7.4,2026-09-23,22,Wednesday,False,-5.100000000000001,False,Overcast
Davao City,2026-09-23 23:00:00,7.0650263,125.574326,Asia/Manila,25.6,91,30.8,37,0.0,0.0,3,98,6.3,2026-09-23,23,Wednesday,False,-5.199999999999999,False,Overcast
Davao City,2026-09-24 00:00:00,7.0650263,125.574326,Asia/Manila,25.5,90,30.8,32,0.0,0.0,3,97,4.6,2026-09-24,0,Thursday,False,-5.300000000000001,False,Overcast
Davao City,2026-09-24 01:00:00,7.0650263,125.574326,Asia/Manila,25.3,91,30.9,32,0.0,0.0,3,92,2.5,2026-09-24,1,Thursday,False,-5.599999999999998,False,Overcast
Davao City,2026-09-24 02:00:00,7.0650263,125.574326,Asia/Manila,25.4,91,31.2,33,0.0,0.0,3,81,0.9,2026-09-24,2,Thursday,False,-5.800000000000001,False,Overcast
Davao City,2026-09-24 03:00:00,7.0650263,125.574326,Asia/Manila,25.0,92,30.9,36,0.0,0.0,2,63,0.6,2026-09-24,3,Thursday,False,-5.899999999999999,False,Partly cloudy
Davao City,2026-09-24 04:00:00,7.0650263,125.574326,Asia/Manila,24.6,94,30.4,41,0.0,0.0,1,41,1.0,2026-09-24,4,Thursday,False,-5.799999999999997,False,Mainly clear
Davao City,2026-09-24 05:00:00,7.0650263,125.574326,Asia/Manila,24.7,93,30.3,45,0.0,0.0,1,30,1.0,2026-09-24,5,Thursday,False,-5.600000000000001,False,Mainly clear
Davao City,2026-09-24 06:00:00,7.0650263,125.574326,Asia/Manila,25.5,87,30.9,48,0.0,0.0,1,42,1.4,2026-09-24,6,Thursday,False,-5.399999999999999,False,Mainly clear
Davao City,2026-09-24 07:00:00,7.0650263,125.574326,Asia/Manila,26.7,80,31.8,51,0.0,0.0,2,65,2.6,2026-09-24,7,Thursday,False,-5.100000000000001,False,Partly cloudy
Davao City,2026-09-24 08:00:00,7.0650263,125.574326,Asia/Manila,27.8,74,32.6,53,0.0,0.0,3,83,4.2,2026-09-24,8,Thursday,False,-4.800000000000001,False,Overcast
Davao City,2026-09-24 09:00:00,7.0650263,125.574326,Asia/Manila,28.7,72,33.8,54,0.0,0.0,3,88,6.8,2026-09-24,9,Thursday,False,-5.099999999999998,False,Overcast
Davao City,2026-09-24 10:00:00,7.0650263,125.574326,Asia/Manila,29.3,70,34.9,54,0.0,0.0,3,87,9.9,2026-09-24,10,Thursday,False,-5.599999999999998,False,Overcast
Davao City,2026-09-24 11:00:00,7.0650263,125.574326,Asia/Manila,29.7,70,35.3,57,0.0,0.0,3,87,12.3,2026-09-24,11,Thursday,False,-5.599999999999998,False,Overcast
Davao City,2026-09-24 12:00:00,7.0650263,125.574326,Asia/Manila,29.7,71,34.8,65,0.1,0.0,51,91,13.5,2026-09-24,12,Thursday,True,-5.099999999999998,False,Light drizzle
Davao City,2026-09-24 13:00:00,7.0650263,125.574326,Asia/Manila,29.4,73,34.1,77,0.1,0.0,51,96,13.5,2026-09-24,13,Thursday,True,-4.700000000000003,False,Light drizzle
Davao City,2026-09-24 14:00:00,7.0650263,125.574326,Asia/Manila,28.9,75,33.3,86,0.1,0.0,51,99,12.6,2026-09-24,14,Thursday,True,-4.399999999999999,False,Light drizzle
Davao City,2026-09-24 15:00:00,7.0650263,125.574326,Asia/Manila,28.1,80,32.8,92,0.6,0.2,53,100,10.5,2026-09-24,15,Thursday,True,-4.699999999999996,False,Moderate drizzle
Davao City,2026-09-24 16:00:00,7.0650263,125.574326,Asia/Manila,27.1,85,32.3,96,0.6,0.2,53,99,7.8,2026-09-24,16,Thursday,True,-5.199999999999996,False,Moderate drizzle
Davao City,2026-09-24 17:00:00,7.0650263,125.574326,Asia/Manila,26.3,90,31.9,98,0.6,0.2,53,98,5.5,2026-09-24,17,Thursday,True,-5.599999999999998,False,Moderate drizzle
Davao City,2026-09-24 18:00:00,7.0650263,125.574326,Asia/Manila,26.0,92,32.0,100,0.0,0.0,3,98,2.7,2026-09-24,18,Thursday,False,-6.0,False,Overcast
Davao City,2026-09-24 19:00:00,7.0650263,125.574326,Asia/Manila,25.9,92,31.7,100,0.0,0.0,3,98,4.4,2026-09-24,19,Thursday,False,-5.800000000000001,False,Overcast
Davao City,2026-09-24 20:00:00,7.0650263,125.574326,Asia/Manila,25.8,92,31.2,96,0.0,0.0,3,98,7.1,2026-09-24,20,Thursday,False,-5.399999999999999,False,Overcast
Davao City,2026-09-24 21:00:00,7.0650263,125.574326,Asia/Manila,25.7,92,31.0,84,0.0,0.0,3,98,6.7,2026-09-24,21,Thursday,False,-5.300000000000001,False,Overcast
Davao City,2026-09-24 22:00:00,7.0650263,125.574326,Asia/Manila,25.6,91,31.1,68,0.0,0.0,3,99,4.7,2026-09-24,22,Thursday,False,-5.5,False,Overcast
Davao City,2026-09-24 23:00:00,7.0650263,125.574326,Asia/Manila,25.4,91,30.9,57,0.0,0.0,3,99,4.0,2026-09-24,23,Thursday,False,-5.5,False,Overcast
Davao City,2026-09-25 00:00:00,7.0650263,125.574326,Asia/Manila,25.1,92,30.4,55,0.0,0.0,3,99,4.1,2026-09-25,0,Friday,False,-5.299999999999997,False,Overcast
Davao City,2026-09-25 01:00:00,7.0650263,125.574326,Asia/Manila,24.8,93,30.1,59,0.0,0.0,3,100,4.3,2026-09-25,1,Friday,False,-5.300000000000001,False,Overcast
Davao City,2026-09-25 02:00:00,7.0650263,125.574326,Asia/Manila,24.6,93,29.8,63,0.0,0.0,3,100,4.1,2026-09-25,2,Friday,False,-5.199999999999999,False,Overcast
Davao City,2026-09-25 03:00:00,7.0650263,125.574326,Asia/Manila,24.6,92,29.7,67,0.0,0.0,3,100,3.2,2026-09-25,3,Friday,False,-5.099999999999998,False,Overcast
Davao City,2026-09-25 04:00:00,7.0650263,125.574326,Asia/Manila,24.7,89,29.7,72,0.0,0.0,3,99,2.3,2026-09-25,4,Friday,False,-5.0,False,Overcast
Davao City,2026-09-25 05:00:00,7.0650263,125.574326,Asia/Manila,24.8,87,29.8,76,0.0,0.0,3,99,1.7,2026-09-25,5,Friday,False,-5.0,False,Overcast
Davao City,2026-09-25 06:00:00,7.0650263,125.574326,Asia/Manila,25.0,86,29.8,79,0.1,0.1,51,99,2.6,2026-09-25,6,Friday,True,-4.800000000000001,False,Light drizzle
Davao City,2026-09-25 07:00:00,7.0650263,125.574326,Asia/Manila,25.1,86,29.8,82,0.1,0.1,51,100,4.1,2026-09-25,7,Friday,True,-4.699999999999999,False,Light drizzle
Davao City,2026-09-25 08:00:00,7.0650263,125.574326,Asia/Manila,25.5,84,30.1,84,0.1,0.1,51,99,4.4,2026-09-25,8,Friday,True,-4.600000000000001,False,Light drizzle
Davao City,2026-09-25 09:00:00,7.0650263,125.574326,Asia/Manila,26.2,82,31.0,84,0.1,0.1,51,94,4.0,2026-09-25,9,Friday,True,-4.800000000000001,False,Light drizzle
Davao City,2026-09-25 10:00:00,7.0650263,125.574326,Asia/Manila,27.0,79,31.5,84,0.1,0.1,51,88,7.7,2026-09-25,10,Friday,True,-4.5,False,Light drizzle
Davao City,2026-09-25 11:00:00,7.0650263,125.574326,Asia/Manila,27.6,77,31.7,84,0.1,0.1,51,85,11.0,2026-09-25,11,Friday,True,-4.099999999999998,False,Light drizzle
Davao City,2026-09-25 12:00:00,7.0650263,125.574326,Asia/Manila,27.9,77,32.6,87,0.1,0.1,51,88,11.4,2026-09-25,12,Friday,True,-4.700000000000003,False,Light drizzle
Davao City,2026-09-25 13:00:00,7.0650263,125.574326,Asia/Manila,27.9,78,32.7,91,0.1,0.1,51,94,10.1,2026-09-25,13,Friday,True,-4.800000000000004,False,Light drizzle
Davao City,2026-09-25 14:00:00,7.0650263,125.574326,Asia/Manila,27.7,80,32.6,94,0.1,0.1,51,99,8.7,2026-09-25,14,Friday,True,-4.900000000000002,False,Light drizzle
Davao City,2026-09-25 15:00:00,7.0650263,125.574326,Asia/Manila,27.2,84,32.4,96,0.5,0.4,53,100,7.7,2026-09-25,15,Friday,True,-5.199999999999999,False,Moderate drizzle
Davao City,2026-09-25 16:00:00,7.0650263,125.574326,Asia/Manila,26.6,89,32.1,98,0.5,0.4,53,99,6.5,2026-09-25,16,Friday,True,-5.5,False,Moderate drizzle
Davao City,2026-09-25 17:00:00,7.0650263,125.574326,Asia/Manila,26.0,93,31.8,98,0.5,0.4,53,99,5.2,2026-09-25,17,Friday,True,-5.800000000000001,False,Moderate drizzle
Davao City,2026-09-25 18:00:00,7.0650263,125.574326,Asia/Manila,25.6,95,31.6,95,0.1,0.1,51,100,3.8,2026-09-25,18,Friday,True,-6.0,False,Light drizzle
Davao City,2026-09-25 19:00:00,7.0650263,125.574326,Asia/Manila,25.3,95,31.1,90,0.1,0.1,51,100,5.0,2026-09-25,19,Friday,True,-5.800000000000001,False,Light drizzle
Davao City,2026-09-25 20:00:00,7.0650263,125.574326,Asia/Manila,25.2,95,30.6,84,0.1,0.1,51,100,6.5,2026-09-25,20,Friday,True,-5.400000000000002,False,Light drizzle
Davao City,2026-09-25 21:00:00,7.0650263,125.574326,Asia/Manila,25.3,93,30.7,78,0.0,0.0,3,90,5.6,2026-09-25,21,Friday,False,-5.399999999999999,False,Overcast
Davao City,2026-09-25 22:00:00,7.0650263,125.574326,Asia/Manila,25.5,91,31.1,71,0.0,0.0,2,78,3.4,2026-09-25,22,Friday,False,-5.600000000000001,False,Partly cloudy
Davao City,2026-09-25 23:00:00,7.0650263,125.574326,Asia/Manila,25.7,89,31.3,65,0.0,0.0,2,71,2.0,2026-09-25,23,Friday,False,-5.600000000000001,False,Partly cloudy
Davao City,2026-09-26 00:00:00,7.0650263,125.574326,Asia/Manila,25.6,88,31.2,59,0.0,0.0,2,77,1.3,2026-09-26,0,Saturday,False,-5.599999999999998,False,Partly cloudy
Davao City,2026-09-26 01:00:00,7.0650263,125.574326,Asia/Manila,25.4,88,30.9,55,0.0,0.0,3,89,1.0,2026-09-26,1,Saturday,False,-5.5,False,Overcast
Davao City,2026-09-26 02:00:00,7.0650263,125.574326,Asia/Manila,25.1,88,30.5,51,0.0,0.0,3,98,1.2,2026-09-26,2,Saturday,False,-5.399999999999999,False,Overcast
Davao City,2026-09-26 03:00:00,7.0650263,125.574326,Asia/Manila,24.9,88,30.0,50,0.0,0.0,3,100,2.0,2026-09-26,3,Saturday,False,-5.100000000000001,False,Overcast
Davao City,2026-09-26 04:00:00,7.0650263,125.574326,Asia/Manila,24.6,88,29.4,50,0.0,0.0,3,99,3.3,2026-09-26,4,Saturday,False,-4.799999999999997,False,Overcast
Davao City,2026-09-26 05:00:00,7.0650263,125.574326,Asia/Manila,24.5,89,29.2,50,0.0,0.0,3,98,4.2,2026-09-26,5,Saturday,False,-4.699999999999999,False,Overcast
Davao City,2026-09-26 06:00:00,7.0650263,125.574326,Asia/Manila,25.3,91,30.6,49,0.4,0.3,51,94,4.9,2026-09-26,6,Saturday,True,-5.300000000000001,False,Light drizzle
Davao City,2026-09-26 07:00:00,7.0650263,125.574326,Asia/Manila,25.4,92,30.7,48,0.4,0.3,51,93,6.0,2026-09-26,7,Saturday,True,-5.300000000000001,False,Light drizzle
Davao City,2026-09-26 08:00:00,7.0650263,125.574326,Asia/Manila,25.6,92,30.9,49,0.4,0.3,51,93,6.7,2026-09-26,8,Saturday,True,-5.299999999999997,False,Light drizzle
Davao City,2026-09-26 09:00:00,7.0650263,125.574326,Asia/Manila,26.0,90,31.3,53,0.2,0.1,51,93,7.2,2026-09-26,9,Saturday,True,-5.300000000000001,False,Light drizzle
Davao City,2026-09-26 10:00:00,7.0650263,125.574326,Asia/Manila,26.6,87,32.0,58,0.2,0.1,51,93,8.0,2026-09-26,10,Saturday,True,-5.399999999999999,False,Light drizzle
Davao City,2026-09-26 11:00:00,7.0650263,125.574326,Asia/Manila,27.3,84,32.9,63,0.2,0.1,51,93,9.3,2026-09-26,11,Saturday,True,-5.599999999999998,False,Light drizzle
Davao City,2026-09-26 12:00:00,7.0650263,125.574326,Asia/Manila,27.9,82,33.5,68,0.2,0.1,51,94,10.6,2026-09-26,12,Saturday,True,-5.600000000000001,False,Light drizzle
Davao City,2026-09-26 13:00:00,7.0650263,125.574326,Asia/Manila,28.3,79,33.6,74,0.2,0.1,51,94,11.8,2026-09-26,13,Saturday,True,-5.300000000000001,False,Light drizzle
Davao City,2026-09-26 14:00:00,7.0650263,125.574326,Asia/Manila,28.5,79,33.2,78,0.2,0.1,51,95,11.9,2026-09-26,14,Saturday,True,-4.700000000000003,False,Light drizzle
Davao City,2026-09-26 15:00:00,7.0650263,125.574326,Asia/Manila,28.4,79,33.2,81,0.1,0.1,51,96,11.0,2026-09-26,15,Saturday,True,-4.800000000000004,False,Light drizzle
Davao City,2026-09-26 16:00:00,7.0650263,125.574326,Asia/Manila,28.1,80,33.1,83,0.1,0.1,51,97,8.9,2026-09-26,16,Saturday,True,-5.0,False,Light drizzle
Davao City,2026-09-26 17:00:00,7.0650263,125.574326,Asia/Manila,27.6,82,32.9,84,0.1,0.1,51,98,6.5,2026-09-26,17,Saturday,True,-5.299999999999997,False,Light drizzle
Davao City,2026-09-26 18:00:00,7.0650263,125.574326,Asia/Manila,27.0,85,32.7,84,0.1,0.1,51,99,4.2,2026-09-26,18,Saturday,True,-5.700000000000003,False,Light drizzle
Davao City,2026-09-26 19:00:00,7.0650263,125.574326,Asia/Manila,26.5,87,32.2,84,0.1,0.1,51,100,3.3,2026-09-26,19,Saturday,True,-5.700000000000003,False,Light drizzle
Davao City,2026-09-26 20:00:00,7.0650263,125.574326,Asia/Manila,26.1,89,31.8,82,0.1,0.1,51,100,3.7,2026-09-26,20,Saturday,True,-5.699999999999999,False,Light drizzle
Davao City,2026-09-26 21:00:00,7.0650263,125.574326,Asia/Manila,25.8,90,31.3,79,0.0,0.0,3,100,4.4,2026-09-26,21,Saturday,False,-5.5,False,Overcast
Davao City,2026-09-26 22:00:00,7.0650263,125.574326,Asia/Manila,25.6,91,31.0,74,0.0,0.0,3,100,4.8,2026-09-26,22,Saturday,False,-5.399999999999999,False,Overcast
Davao City,2026-09-26 23:00:00,7.0650263,125.574326,Asia/Manila,25.3,92,30.7,69,0.0,0.0,3,100,5.2,2026-09-26,23,Saturday,False,-5.399999999999999,False,Overcast
Pasig City,2026-09-20 00:00:00,14.586995,121.08635,Asia/Manila,25.1,99,31.3,65,0.1,0.1,51,34,2.6,2026-09-20,0,Sunday,True,-6.199999999999999,False,Light drizzle
Pasig City,2026-09-20 01:00:00,14.586995,121.08635,Asia/Manila,24.9,99,30.6,51,0.0,0.0,2,50,5.2,2026-09-20,1,Sunday,False,-5.700000000000003,False,Partly cloudy
Pasig City,2026-09-20 02:00:00,14.586995,121.08635,Asia/Manila,25.2,99,31.3,39,0.0,0.0,2,65,4.1,2026-09-20,2,Sunday,False,-6.100000000000001,False,Partly cloudy
Pasig City,2026-09-20 03:00:00,14.586995,121.08635,Asia/Manila,24.8,100,30.7,30,0.0,0.0,2,69,4.5,2026-09-20,3,Sunday,False,-5.899999999999999,False,Partly cloudy
Pasig City,2026-09-20 04:00:00,14.586995,121.08635,Asia/Manila,24.6,100,30.4,24,0.0,0.0,3,100,4.0,2026-09-20,4,Sunday,False,-5.799999999999997,False,Overcast
Pasig City,2026-09-20 05:00:00,14.586995,121.08635,Asia/Manila,24.4,100,30.3,18,0.0,0.0,3,100,3.0,2026-09-20,5,Sunday,False,-5.900000000000002,False,Overcast
Pasig City,2026-09-20 06:00:00,14.586995,121.08635,Asia/Manila,24.5,98,30.4,13,0.0,0.0,3,89,2.5,2026-09-20,6,Sunday,False,-5.899999999999999,False,Overcast
Pasig City,2026-09-20 07:00:00,14.586995,121.08635,Asia/Manila,25.5,95,31.8,10,0.0,0.0,3,92,1.4,2026-09-20,7,Sunday,False,-6.300000000000001,False,Overcast
Pasig City,2026-09-20 08:00:00,14.586995,121.08635,Asia/Manila,27.3,89,34.0,8,0.0,0.0,3,90,1.2,2026-09-20,8,Sunday,False,-6.699999999999999,False,Overcast
Pasig City,2026-09-20 09:00:00,14.586995,121.08635,Asia/Manila,29.2,78,35.7,7,0.0,0.0,3,100,1.7,2026-09-20,9,Sunday,False,-6.5000000000000036,False,Overcast
Pasig City,2026-09-20 10:00:00,14.586995,121.08635,Asia/Manila,30.5,73,38.1,7,0.1,0.0,51,97,2.3,2026-09-20,10,Sunday,True,-7.600000000000001,False,Light drizzle
Pasig City,2026-09-20 11:00:00,14.586995,121.08635,Asia/Manila,31.3,71,39.5,8,0.1,0.0,51,96,4.4,2026-09-20,11,Sunday,True,-8.2,False,Light drizzle
Pasig City,2026-09-20 12:00:00,14.586995,121.08635,Asia/Manila,31.7,68,39.5,10,0.1,0.0,51,94,6.1,2026-09-20,12,Sunday,True,-7.800000000000001,False,Light drizzle
Pasig City,2026-09-20 13:00:00,14.586995,121.08635,Asia/Manila,32.0,65,39.8,12,0.1,0.0,51,88,6.1,2026-09-20,13,Sunday,True,-7.799999999999997,False,Light drizzle
Pasig City,2026-09-20 14:00:00,14.586995,121.08635,Asia/Manila,32.0,62,38.3,14,0.0,0.0,3,88,7.1,2026-09-20,14,Sunday,False,-6.299999999999997,False,Overcast
Pasig City,2026-09-20 15:00:00,14.586995,121.08635,Asia/Manila,31.5,59,35.9,14,0.6,0.1,53,95,9.1,2026-09-20,15,Sunday,True,-4.399999999999999,False,Moderate drizzle
Pasig City,2026-09-20 16:00:00,14.586995,121.08635,Asia/Manila,30.0,68,34.6,15,0.4,0.0,51,99,8.4,2026-09-20,16,Sunday,True,-4.600000000000001,False,Light drizzle
Pasig City,2026-09-20 17:00:00,14.586995,121.08635,Asia/Manila,29.5,74,34.8,20,0.1,0.1,51,97,7.0,2026-09-20,17,Sunday,True,-5.299999999999997,False,Light drizzle
Pasig City,2026-09-20 18:00:00,14.586995,121.08635,Asia/Manila,28.5,79,34.0,35,0.3,0.1,51,98,6.4,2026-09-20,18,Sunday,True,-5.5,False,Light drizzle
Pasig City,2026-09-20 19:00:00,14.586995,121.08635,Asia/Manila,27.6,85,33.5,54,0.2,0.1,51,98,4.6,2026-09-20,19,Sunday,True,-5.899999999999999,False,Light drizzle
Pasig City,2026-09-20 20:00:00,14.586995,121.08635,Asia/Manila,27.0,90,33.3,67,0.4,0.2,51,98,4.6,2026-09-20,20,Sunday,True,-6.299999999999997,False,Light drizzle
Pasig City,2026-09-20 21:00:00,14.586995,121.08635,Asia/Manila,26.6,93,32.8,67,0.0,0.0,3,95,5.4,2026-09-20,21,Sunday,False,-6.199999999999996,False,Overcast
Pasig City,2026-09-20 22:00:00,14.586995,121.08635,Asia/Manila,26.4,93,32.6,61,0.0,0.0,3,94,4.9,2026-09-20,22,Sunday,False,-6.200000000000003,False,Overcast
Pasig City,2026-09-20 23:00:00,14.586995,121.08635,Asia/Manila,26.2,94,32.5,55,0.0,0.0,2,55,3.1,2026-09-20,23,Sunday,False,-6.300000000000001,False,Partly cloudy
Pasig City,2026-09-21 00:00:00,14.586995,121.08635,Asia/Manila,25.9,95,32.1,53,0.0,0.0,1,21,3.9,2026-09-21,0,Monday,False,-6.200000000000003,False,Mainly clear
Pasig City,2026-09-21 01:00:00,14.586995,121.08635,Asia/Manila,25.6,96,31.7,52,0.0,0.0,0,17,3.6,2026-09-21,1,Monday,False,-6.099999999999998,False,Clear sky
Pasig City,2026-09-21 02:00:00,14.586995,121.08635,Asia/Manila,25.4,95,31.3,51,0.0,0.0,1,23,3.9,2026-09-21,2,Monday,False,-5.900000000000002,False,Mainly clear
Pasig City,2026-09-21 03:00:00,14.586995,121.08635,Asia/Manila,25.4,94,31.2,52,0.0,0.0,1,23,2.7,2026-09-21,3,Monday,False,-5.800000000000001,False,Mainly clear
Pasig City,2026-09-21 04:00:00,14.586995,121.08635,Asia/Manila,25.1,95,30.6,54,0.0,0.0,1,45,4.7,2026-09-21,4,Monday,False,-5.5,False,Mainly clear
Pasig City,2026-09-21 05:00:00,14.586995,121.08635,Asia/Manila,25.1,94,30.4,53,0.1,0.1,51,56,5.0,2026-09-21,5,Monday,True,-5.299999999999997,False,Light drizzle
Pasig City,2026-09-21 06:00:00,14.586995,121.08635,Asia/Manila,25.2,93,30.9,45,0.0,0.0,2,70,1.8,2026-09-21,6,Monday,False,-5.699999999999999,False,Partly cloudy
Pasig City,2026-09-21 07:00:00,14.586995,121.08635,Asia/Manila,25.8,90,31.8,34,0.0,0.0,3,88,1.0,2026-09-21,7,Monday,False,-6.0,False,Overcast
Pasig City,2026-09-21 08:00:00,14.586995,121.08635,Asia/Manila,27.3,83,33.0,25,0.0,0.0,3,84,2.7,2026-09-21,8,Monday,False,-5.699999999999999,False,Overcast
Pasig City,2026-09-21 09:00:00,14.586995,121.08635,Asia/Manila,28.6,76,34.0,20,0.2,0.1,51,52,4.5,2026-09-21,9,Monday,True,-5.399999999999999,False,Light drizzle
Pasig City,2026-09-21 10:00:00,14.586995,121.08635,Asia/Manila,30.0,70,36.2,16,0.1,0.1,51,39,6.3,2026-09-21,10,Monday,True,-6.200000000000003,False,Light drizzle
Pasig City,2026-09-21 11:00:00,14.586995,121.08635,Asia/Manila,30.6,69,37.8,16,0.1,0.1,51,48,7.4,2026-09-21,11,Monday,True,-7.199999999999996,False,Light drizzle
Pasig City,2026-09-21 12:00:00,14.586995,121.08635,Asia/Manila,30.9,62,37.3,19,0.4,0.0,51,78,9.0,2026-09-21,12,Monday,True,-6.399999999999999,False,Light drizzle
Pasig City,2026-09-21 13:00:00,14.586995,121.08635,Asia/Manila,30.6,67,37.3,25,0.9,0.4,53,90,9.0,2026-09-21,13,Monday,True,-6.699999999999996,False,Moderate drizzle
Pasig City,2026-09-21 14:00:00,14.586995,121.08635,Asia/Manila,29.2,73,35.5,35,0.8,0.1,53,98,8.5,2026-09-21,14,Monday,True,-6.300000000000001,False,Moderate drizzle
Pasig City,2026-09-21 15:00:00,14.586995,121.08635,Asia/Manila,29.5,77,35.3,53,0.8,0.2,95,97,6.8,2026-09-21,15,Monday,True,-5.799999999999997,False,Thunderstorm
Pasig City,2026-09-21 16:00:00,14.586995,121.08635,Asia/Manila,29.5,77,34.7,76,0.2,0.1,51,98,10.5,2026-09-21,16,Monday,True,-5.200000000000003,False,Light drizzle
Pasig City,2026-09-21 17:00:00,14.586995,121.08635,Asia/Manila,26.6,90,32.6,92,3.1,0.3,95,100,3.5,2026-09-21,17,Monday,True,-6.0,False,Thunderstorm
Pasig City,2026-09-21 18:00:00,14.586995,121.08635,Asia/Manila,25.8,87,31.5,99,1.4,0.7,80,93,0.6,2026-09-21,18,Monday,True,-5.699999999999999,False,Slight rain showers
Pasig City,2026-09-21 19:00:00,14.586995,121.08635,Asia/Manila,25.7,93,31.5,100,0.8,0.5,53,88,4.0,2026-09-21,19,Monday,True,-5.800000000000001,False,Moderate drizzle
Pasig City,2026-09-21 20:00:00,14.586995,121.08635,Asia/Manila,25.6,95,31.8,96,0.0,0.0,1,44,2.0,2026-09-21,20,Monday,False,-6.199999999999999,False,Mainly clear
Pasig City,2026-09-21 21:00:00,14.586995,121.08635,Asia/Manila,25.7,93,31.7,85,0.0,0.0,2,51,3.1,2026-09-21,21,Monday,False,-6.0,False,Partly cloudy
Pasig City,2026-09-21 22:00:00,14.586995,121.08635,Asia/Manila,25.7,93,31.9,70,0.0,0.0,1,36,1.5,2026-09-21,22,Monday,False,-6.199999999999999,False,Mainly clear
Pasig City,2026-09-21 23:00:00,14.586995,121.08635,Asia/Manila,25.6,94,31.9,57,0.0,0.0,1,24,0.9,2026-09-21,23,Monday,False,-6.299999999999997,False,Mainly clear
Pasig City,2026-09-22 00:00:00,14.586995,121.08635,Asia/Manila,25.5,95,31.6,48,0.0,0.0,0,10,2.4,2026-09-22,0,Tuesday,False,-6.100000000000001,False,Clear sky
Pasig City,2026-09-22 01:00:00,14.586995,121.08635,Asia/Manila,25.1,98,31.3,42,0.0,0.0,0,16,2.6,2026-09-22,1,Tuesday,False,-6.199999999999999,False,Clear sky
Pasig City,2026-09-22 02:00:00,14.586995,121.08635,Asia/Manila,25.0,99,31.1,37,0.0,0.0,3,100,3.1,2026-09-22,2,Tuesday,False,-6.100000000000001,False,Overcast
Pasig City,2026-09-22 03:00:00,14.586995,121.08635,Asia/Manila,24.8,97,30.6,34,0.0,0.0,2,52,3.8,2026-09-22,3,Tuesday,False,-5.800000000000001,False,Partly cloudy
Pasig City,2026-09-22 04:00:00,14.586995,121.08635,Asia/Manila,24.7,96,30.3,34,0.0,0.0,1,35,3.2,2026-09-22,4,Tuesday,False,-5.600000000000001,False,Mainly clear
Pasig City,2026-09-22 05:00:00,14.586995,121.08635,Asia/Manila,24.4,97,30.0,33,0.0,0.0,1,41,2.8,2026-09-22,5,Tuesday,False,-5.600000000000001,False,Mainly clear
Pasig City,2026-09-22 06:00:00,14.586995,121.08635,Asia/Manila,24.4,97,29.9,32,0.0,0.0,2,52,3.5,2026-09-22,6,Tuesday,False,-5.5,False,Partly cloudy
Pasig City,2026-09-22 07:00:00,14.586995,121.08635,Asia/Manila,25.3,93,31.0,31,0.0,0.0,2,56,2.7,2026-09-22,7,Tuesday,False,-5.699999999999999,False,Partly cloudy
Pasig City,2026-09-22 08:00:00,14.586995,121.08635,Asia/Manila,27.0,84,32.9,31,0.0,0.0,2,76,2.1,2026-09-22,8,Tuesday,False,-5.899999999999999,False,Partly cloudy
Pasig City,2026-09-22 09:00:00,14.586995,121.08635,Asia/Manila,28.5,79,34.2,34,0.0,0.0,3,98,4.4,2026-09-22,9,Tuesday,False,-5.700000000000003,False,Overcast
Pasig City,2026-09-22 10:00:00,14.586995,121.08635,Asia/Manila,29.3,77,36.2,37,0.1,0.0,51,99,3.8,2026-09-22,10,Tuesday,True,-6.900000000000002,False,Light drizzle
Pasig City,2026-09-22 11:00:00,14.586995,121.08635,Asia/Manila,30.3,73,38.1,39,0.0,0.0,3,100,4.3,2026-09-22,11,Tuesday,False,-7.800000000000001,False,Overcast
Pasig City,2026-09-22 12:00:00,14.586995,121.08635,Asia/Manila,30.9,71,38.6,34,0.0,0.0,3,100,5.3,2026-09-22,12,Tuesday,False,-7.700000000000003,False,Overcast
Pasig City,2026-09-22 13:00:00,14.586995,121.08635,Asia/Manila,31.0,71,38.7,28,0.0,0.0,3,100,7.6,2026-09-22,13,Tuesday,False,-7.700000000000003,False,Overcast
Pasig City,2026-09-22 14:00:00,14.586995,121.08635,Asia/Manila,28.9,79,35.1,29,2.7,0.0,96,98,8.7,2026-09-22,14,Tuesday,True,-6.200000000000003,False,Thunderstorm with hail
Pasig City,2026-09-22 15:00:00,14.586995,121.08635,Asia/Manila,28.2,80,33.3,46,1.8,1.0,80,62,8.3,2026-09-22,15,Tuesday,True,-5.099999999999998,False,Slight rain showers
Pasig City,2026-09-22 16:00:00,14.586995,121.08635,Asia/Manila,26.5,84,31.7,71,0.7,0.5,53,85,4.5,2026-09-22,16,Tuesday,True,-5.199999999999999,False,Moderate drizzle
Pasig City,2026-09-22 17:00:00,14.586995,121.08635,Asia/Manila,27.1,82,32.4,90,1.5,0.9,80,98,4.5,2026-09-22,17,Tuesday,True,-5.299999999999997,False,Slight rain showers
Pasig City,2026-09-22 18:00:00,14.586995,121.08635,Asia/Manila,26.1,88,31.2,98,0.1,0.1,51,95,6.6,2026-09-22,18,Tuesday,True,-5.099999999999998,False,Light drizzle
Pasig City,2026-09-22 19:00:00,14.586995,121.08635,Asia/Manila,25.1,92,30.8,99,1.4,0.0,80,99,1.7,2026-09-22,19,Tuesday,True,-5.699999999999999,False,Slight rain showers
Pasig City,2026-09-22 20:00:00,14.586995,121.08635,Asia/Manila,24.7,96,30.3,94,3.4,0.7,95,77,3.5,2026-09-22,20,Tuesday,True,-5.600000000000001,False,Thunderstorm
Pasig City,2026-09-22 21:00:00,14.586995,121.08635,Asia/Manila,24.7,95,30.5,79,1.0,0.8,55,66,0.4,2026-09-22,21,Tuesday,True,-5.800000000000001,False,Dense drizzle
Pasig City,2026-09-22 22:00:00,14.586995,121.08635,Asia/Manila,24.6,97,30.3,57,0.8,0.5,53,76,2.8,2026-09-22,22,Tuesday,True,-5.699999999999999,False,Moderate drizzle
Pasig City,2026-09-22 23:00:00,14.586995,121.08635,Asia/Manila,24.6,97,30.5,39,0.3,0.3,51,41,1.3,2026-09-22,23,Tuesday,True,-5.899999999999999,False,Light drizzle
Pasig City,2026-09-23 00:00:00,14.586995,121.08635,Asia/Manila,24.4,99,30.1,28,0.0,0.0,1,45,3.3,2026-09-23,0,Wednesday,False,-5.700000000000003,False,Mainly clear
Pasig City,2026-09-23 01:00:00,14.586995,121.08635,Asia/Manila,24.3,98,30.1,20,0.0,0.0,2,66,2.2,2026-09-23,1,Wednesday,False,-5.800000000000001,False,Partly cloudy
Pasig City,2026-09-23 02:00:00,14.586995,121.08635,Asia/Manila,24.3,99,30.5,14,0.0,0.0,1,45,0.2,2026-09-23,2,Wednesday,False,-6.199999999999999,False,Mainly clear
Pasig City,2026-09-23 03:00:00,14.586995,121.08635,Asia/Manila,24.3,99,30.0,10,0.0,0.0,3,99,3.2,2026-09-23,3,Wednesday,False,-5.699999999999999,False,Overcast
Pasig City,2026-09-23 04:00:00,14.586995,121.08635,Asia/Manila,24.1,97,29.4,8,0.0,0.0,2,50,3.2,2026-09-23,4,Wednesday,False,-5.299999999999997,False,Partly cloudy
Pasig City,2026-09-23 05:00:00,14.586995,121.08635,Asia/Manila,23.9,96,29.2,6,0.0,0.0,2,53,2.5,2026-09-23,5,Wednesday,False,-5.300000000000001,False,Partly cloudy
Pasig City,2026-09-23 06:00:00,14.586995,121.08635,Asia/Manila,23.8,95,28.7,3,0.0,0.0,2,54,3.9,2026-09-23,6,Wednesday,False,-4.899999999999999,False,Partly cloudy
Pasig City,2026-09-23 07:00:00,14.586995,121.08635,Asia/Manila,24.9,92,30.4,1,0.0,0.0,1,34,2.3,2026-09-23,7,Wednesday,False,-5.5,False,Mainly clear
Pasig City,2026-09-23 08:00:00,14.586995,121.08635,Asia/Manila,26.9,83,32.8,0,0.0,0.0,0,12,0.3,2026-09-23,8,Wednesday,False,-5.899999999999999,False,Clear sky
Pasig City,2026-09-23 09:00:00,14.586995,121.08635,Asia/Manila,28.6,76,34.5,0,0.0,0.0,0,12,2.2,2026-09-23,9,Wednesday,False,-5.899999999999999,False,Clear sky
Pasig City,2026-09-23 10:00:00,14.586995,121.08635,Asia/Manila,30.0,69,36.5,2,0.0,0.0,1,29,4.6,2026-09-23,10,Wednesday,False,-6.5,False,Mainly clear
Pasig City,2026-09-23 11:00:00,14.586995,121.08635,Asia/Manila,30.8,67,38.0,6,0.4,0.2,51,41,4.5,2026-09-23,11,Wednesday,True,-7.199999999999999,False,Light drizzle
Pasig City,2026-09-23 12:00:00,14.586995,121.08635,Asia/Manila,31.4,68,39.8,12,0.2,0.1,51,24,3.1,2026-09-23,12,Wednesday,True,-8.399999999999999,False,Light drizzle
Pasig City,2026-09-23 13:00:00,14.586995,121.08635,Asia/Manila,31.8,68,39.6,19,0.0,0.0,2,52,5.7,2026-09-23,13,Wednesday,False,-7.800000000000001,False,Partly cloudy
Pasig City,2026-09-23 14:00:00,14.586995,121.08635,Asia/Manila,30.5,72,37.6,31,0.1,0.0,51,100,4.7,2026-09-23,14,Wednesday,True,-7.100000000000001,False,Light drizzle
Pasig City,2026-09-23 15:00:00,14.586995,121.08635,Asia/Manila,26.2,83,29.9,51,2.6,0.4,95,100,12.4,2026-09-23,15,Wednesday,True,-3.6999999999999993,False,Thunderstorm
Pasig City,2026-09-23 16:00:00,14.586995,121.08635,Asia/Manila,25.4,89,29.9,75,3.1,0.1,95,100,8.1,2026-09-23,16,Wednesday,True,-4.5,False,Thunderstorm
Pasig City,2026-09-23 17:00:00,14.586995,121.08635,Asia/Manila,24.7,94,30.3,92,3.7,0.0,95,96,1.5,2026-09-23,17,Wednesday,True,-5.600000000000001,False,Thunderstorm
Pasig City,2026-09-23 18:00:00,14.586995,121.08635,Asia/Manila,24.2,96,29.4,98,3.0,0.6,95,100,3.7,2026-09-23,18,Wednesday,True,-5.199999999999999,False,Thunderstorm
Pasig City,2026-09-23 19:00:00,14.586995,121.08635,Asia/Manila,24.2,98,30.0,97,2.0,0.6,80,91,1.1,2026-09-23,19,Wednesday,True,-5.800000000000001,False,Slight rain showers
Pasig City,2026-09-23 20:00:00,14.586995,121.08635,Asia/Manila,24.3,98,30.1,90,0.4,0.4,51,98,1.2,2026-09-23,20,Wednesday,True,-5.800000000000001,False,Light drizzle
Pasig City,2026-09-23 21:00:00,14.586995,121.08635,Asia/Manila,24.3,99,30.3,73,0.1,0.1,51,99,0.6,2026-09-23,21,Wednesday,True,-6.0,False,Light drizzle
Pasig City,2026-09-23 22:00:00,14.586995,121.08635,Asia/Manila,24.4,98,29.9,50,0.0,0.0,3,98,3.9,2026-09-23,22,Wednesday,False,-5.5,False,Overcast
Pasig City,2026-09-23 23:00:00,14.586995,121.08635,Asia/Manila,24.3,98,29.5,31,0.0,0.0,3,96,5.4,2026-09-23,23,Wednesday,False,-5.199999999999999,False,Overcast
Pasig City,2026-09-24 00:00:00,14.586995,121.08635,Asia/Manila,24.1,97,29.1,22,0.0,0.0,2,69,6.0,2026-09-24,0,Thursday,False,-5.0,False,Partly cloudy
Pasig City,2026-09-24 01:00:00,14.586995,121.08635,Asia/Manila,24.0,97,29.2,18,0.0,0.0,3,86,4.5,2026-09-24,1,Thursday,False,-5.199999999999999,False,Overcast
Pasig City,2026-09-24 02:00:00,14.586995,121.08635,Asia/Manila,24.0,98,29.5,16,0.0,0.0,2,73,2.5,2026-09-24,2,Thursday,False,-5.5,False,Partly cloudy
Pasig City,2026-09-24 03:00:00,14.586995,121.08635,Asia/Manila,23.8,99,29.3,15,0.0,0.0,2,72,2.0,2026-09-24,3,Thursday,False,-5.5,False,Partly cloudy
Pasig City,2026-09-24 04:00:00,14.586995,121.08635,Asia/Manila,23.7,99,29.2,16,0.0,0.0,2,74,1.4,2026-09-24,4,Thursday,False,-5.5,False,Partly cloudy
Pasig City,2026-09-24 05:00:00,14.586995,121.08635,Asia/Manila,23.8,98,29.4,16,0.0,0.0,2,77,1.3,2026-09-24,5,Thursday,False,-5.599999999999998,False,Partly cloudy
Pasig City,2026-09-24 06:00:00,14.586995,121.08635,Asia/Manila,24.5,95,30.1,12,0.0,0.0,3,83,1.5,2026-09-24,6,Thursday,False,-5.600000000000001,False,Overcast
Pasig City,2026-09-24 07:00:00,14.586995,121.08635,Asia/Manila,25.5,91,31.2,7,0.0,0.0,3,90,1.9,2026-09-24,7,Thursday,False,-5.699999999999999,False,Overcast
Pasig City,2026-09-24 08:00:00,14.586995,121.08635,Asia/Manila,26.6,86,32.3,4,0.0,0.0,3,88,2.1,2026-09-24,8,Thursday,False,-5.699999999999996,False,Overcast
Pasig City,2026-09-24 09:00:00,14.586995,121.08635,Asia/Manila,27.9,80,33.8,1,0.1,0.1,51,66,2.0,2026-09-24,9,Thursday,True,-5.899999999999999,False,Light drizzle
Pasig City,2026-09-24 10:00:00,14.586995,121.08635,Asia/Manila,29.4,74,36.5,0,0.1,0.1,51,35,1.8,2026-09-24,10,Thursday,True,-7.100000000000001,False,Light drizzle
Pasig City,2026-09-24 11:00:00,14.586995,121.08635,Asia/Manila,30.4,71,38.4,6,0.1,0.1,51,21,1.4,2026-09-24,11,Thursday,True,-8.0,False,Light drizzle
Pasig City,2026-09-24 12:00:00,14.586995,121.08635,Asia/Manila,30.9,70,40.0,24,0.3,0.1,51,40,0.9,2026-09-24,12,Thursday,True,-9.100000000000001,False,Light drizzle
Pasig City,2026-09-24 13:00:00,14.586995,121.08635,Asia/Manila,30.8,71,39.5,49,0.3,0.1,95,75,1.0,2026-09-24,13,Thursday,True,-8.7,False,Thunderstorm
Pasig City,2026-09-24 14:00:00,14.586995,121.08635,Asia/Manila,30.2,74,37.7,69,0.3,0.1,95,100,1.9,2026-09-24,14,Thursday,True,-7.5000000000000036,False,Thunderstorm
Pasig City,2026-09-24 15:00:00,14.586995,121.08635,Asia/Manila,28.6,80,34.6,81,6.0,1.2,96,100,3.6,2026-09-24,15,Thursday,True,-6.0,False,Thunderstorm with hail
Pasig City,2026-09-24 16:00:00,14.586995,121.08635,Asia/Manila,26.3,90,31.8,89,6.0,1.2,95,99,5.9,2026-09-24,16,Thursday,True,-5.5,False,Thunderstorm
Pasig City,2026-09-24 17:00:00,14.586995,121.08635,Asia/Manila,24.7,97,29.8,92,6.0,1.2,95,92,7.1,2026-09-24,17,Thursday,True,-5.100000000000001,False,Thunderstorm
Pasig City,2026-09-24 18:00:00,14.586995,121.08635,Asia/Manila,24.3,99,29.7,90,1.5,0.9,80,85,5.4,2026-09-24,18,Thursday,True,-5.399999999999999,False,Slight rain showers
Pasig City,2026-09-24 19:00:00,14.586995,121.08635,Asia/Manila,24.6,98,30.4,83,1.5,0.9,80,76,2.7,2026-09-24,19,Thursday,True,-5.799999999999997,False,Slight rain showers
Pasig City,2026-09-24 20:00:00,14.586995,121.08635,Asia/Manila,24.8,97,30.7,73,1.5,0.9,80,67,2.1,2026-09-24,20,Thursday,True,-5.899999999999999,False,Slight rain showers
Pasig City,2026-09-24 21:00:00,14.586995,121.08635,Asia/Manila,24.6,97,30.6,59,0.0,0.0,2,57,1.7,2026-09-24,21,Thursday,False,-6.0,False,Partly cloudy
Pasig City,2026-09-24 22:00:00,14.586995,121.08635,Asia/Manila,24.4,98,30.1,43,0.0,0.0,1,48,2.7,2026-09-24,22,Thursday,False,-5.700000000000003,False,Mainly clear
Pasig City,2026-09-24 23:00:00,14.586995,121.08635,Asia/Manila,24.2,98,29.6,31,0.0,0.0,1,45,4.1,2026-09-24,23,Thursday,False,-5.400000000000002,False,Mainly clear
Pasig City,2026-09-25 00:00:00,14.586995,121.08635,Asia/Manila,24.1,99,29.4,28,0.0,0.0,2,54,4.2,2026-09-25,0,Friday,False,-5.299999999999997,False,Partly cloudy
Pasig City,2026-09-25 01:00:00,14.586995,121.08635,Asia/Manila,24.0,99,29.3,29,0.0,0.0,2,68,3.8,2026-09-25,1,Friday,False,-5.300000000000001,False,Partly cloudy
Pasig City,2026-09-25 02:00:00,14.586995,121.08635,Asia/Manila,23.9,99,29.2,29,0.0,0.0,2,77,3.4,2026-09-25,2,Friday,False,-5.300000000000001,False,Partly cloudy
Pasig City,2026-09-25 03:00:00,14.586995,121.08635,Asia/Manila,23.7,99,28.9,25,0.0,0.0,2,76,3.6,2026-09-25,3,Friday,False,-5.199999999999999,False,Partly cloudy
Pasig City,2026-09-25 04:00:00,14.586995,121.08635,Asia/Manila,23.5,98,28.5,19,0.0,0.0,2,69,4.1,2026-09-25,4,Friday,False,-5.0,False,Partly cloudy
Pasig City,2026-09-25 05:00:00,14.586995,121.08635,Asia/Manila,23.7,97,28.6,14,0.0,0.0,2,59,4.3,2026-09-25,5,Friday,False,-4.900000000000002,False,Partly cloudy
Pasig City,2026-09-25 06:00:00,14.586995,121.08635,Asia/Manila,24.3,95,29.5,9,0.0,0.0,1,44,4.0,2026-09-25,6,Friday,False,-5.199999999999999,False,Mainly clear
Pasig City,2026-09-25 07:00:00,14.586995,121.08635,Asia/Manila,25.3,92,30.9,5,0.0,0.0,1,27,3.4,2026-09-25,7,Friday,False,-5.599999999999998,False,Mainly clear
Pasig City,2026-09-25 08:00:00,14.586995,121.08635,Asia/Manila,26.5,88,32.3,4,0.0,0.0,0,16,2.7,2026-09-25,8,Friday,False,-5.799999999999997,False,Clear sky
Pasig City,2026-09-25 09:00:00,14.586995,121.08635,Asia/Manila,27.9,80,33.9,7,0.0,0.0,0,16,1.1,2026-09-25,9,Friday,False,-6.0,False,Clear sky
Pasig City,2026-09-25 10:00:00,14.586995,121.08635,Asia/Manila,29.5,72,36.5,13,0.0,0.0,1,23,1.5,2026-09-25,10,Friday,False,-7.0,False,Mainly clear
Pasig City,2026-09-25 11:00:00,14.586995,121.08635,Asia/Manila,30.7,66,38.2,20,0.0,0.0,1,30,2.5,2026-09-25,11,Friday,False,-7.5000000000000036,False,Mainly clear
Pasig City,2026-09-25 12:00:00,14.586995,121.08635,Asia/Manila,31.6,63,39.6,29,0.2,0.1,51,35,1.7,2026-09-25,12,Friday,True,-8.0,False,Light drizzle
Pasig City,2026-09-25 13:00:00,14.586995,121.08635,Asia/Manila,32.1,61,40.3,40,0.2,0.1,51,40,0.0,2026-09-25,13,Friday,True,-8.199999999999996,False,Light drizzle
Pasig City,2026-09-25 14:00:00,14.586995,121.08635,Asia/Manila,32.0,62,39.1,51,0.2,0.1,51,44,1.8,2026-09-25,14,Friday,True,-7.100000000000001,False,Light drizzle
Pasig City,2026-09-25 15:00:00,14.586995,121.08635,Asia/Manila,30.7,68,36.3,63,2.4,0.5,95,48,3.3,2026-09-25,15,Friday,True,-5.599999999999998,False,Thunderstorm
Pasig City,2026-09-25 16:00:00,14.586995,121.08635,Asia/Manila,28.7,78,34.3,76,2.4,0.5,95,50,4.8,2026-09-25,16,Friday,True,-5.599999999999998,False,Thunderstorm
Pasig City,2026-09-25 17:00:00,14.586995,121.08635,Asia/Manila,27.0,87,32.6,84,2.4,0.5,80,52,5.6,2026-09-25,17,Friday,True,-5.600000000000001,False,Slight rain showers
Pasig City,2026-09-25 18:00:00,14.586995,121.08635,Asia/Manila,26.0,92,31.8,84,1.4,0.5,80,51,4.8,2026-09-25,18,Friday,True,-5.800000000000001,False,Slight rain showers
Pasig City,2026-09-25 19:00:00,14.586995,121.08635,Asia/Manila,25.4,94,31.3,80,1.4,0.5,80,49,3.2,2026-09-25,19,Friday,True,-5.900000000000002,False,Slight rain showers
Pasig City,2026-09-25 20:00:00,14.586995,121.08635,Asia/Manila,25.0,96,30.9,73,1.4,0.5,80,48,2.3,2026-09-25,20,Friday,True,-5.899999999999999,False,Slight rain showers
Pasig City,2026-09-25 21:00:00,14.586995,121.08635,Asia/Manila,24.7,98,30.7,65,0.0,0.0,1,48,2.5,2026-09-25,21,Friday,False,-6.0,False,Mainly clear
Pasig City,2026-09-25 22:00:00,14.586995,121.08635,Asia/Manila,24.7,98,30.5,55,0.0,0.0,1,48,3.5,2026-09-25,22,Friday,False,-5.800000000000001,False,Mainly clear
Pasig City,2026-09-25 23:00:00,14.586995,121.08635,Asia/Manila,24.6,99,30.4,45,0.0,0.0,2,50,3.8,2026-09-25,23,Friday,False,-5.799999999999997,False,Partly cloudy
Pasig City,2026-09-26 00:00:00,14.586995,121.08635,Asia/Manila,24.5,99,30.3,33,0.0,0.0,2,53,3.1,2026-09-26,0,Saturday,False,-5.800000000000001,False,Partly cloudy
Pasig City,2026-09-26 01:00:00,14.586995,121.08635,Asia/Manila,24.3,99,30.1,21,0.0,0.0,2,56,2.2,2026-09-26,1,Saturday,False,-5.800000000000001,False,Partly cloudy
Pasig City,2026-09-26 02:00:00,14.586995,121.08635,Asia/Manila,24.1,99,29.9,14,0.0,0.0,2,63,1.7,2026-09-26,2,Saturday,False,-5.799999999999997,False,Partly cloudy
Pasig City,2026-09-26 03:00:00,14.586995,121.08635,Asia/Manila,23.8,100,29.3,18,0.0,0.0,2,78,2.2,2026-09-26,3,Saturday,False,-5.5,False,Partly cloudy
Pasig City,2026-09-26 04:00:00,14.586995,121.08635,Asia/Manila,23.5,100,28.8,28,0.0,0.0,3,95,3.1,2026-09-26,4,Saturday,False,-5.300000000000001,False,Overcast
Pasig City,2026-09-26 05:00:00,14.586995,121.08635,Asia/Manila,23.6,99,28.8,34,0.0,0.0,3,100,3.6,2026-09-26,5,Saturday,False,-5.199999999999999,False,Overcast
Pasig City,2026-09-26 06:00:00,14.586995,121.08635,Asia/Manila,25.3,94,31.3,30,0.0,0.0,1,36,1.5,2026-09-26,6,Saturday,False,-6.0,False,Mainly clear
Pasig City,2026-09-26 07:00:00,14.586995,121.08635,Asia/Manila,25.8,92,31.8,22,0.0,0.0,1,29,1.3,2026-09-26,7,Saturday,False,-6.0,False,Mainly clear
Pasig City,2026-09-26 08:00:00,14.586995,121.08635,Asia/Manila,26.4,89,32.5,16,0.0,0.0,1,24,1.1,2026-09-26,8,Saturday,False,-6.100000000000001,False,Mainly clear
Pasig City,2026-09-26 09:00:00,14.586995,121.08635,Asia/Manila,27.2,84,33.7,16,0.0,0.0,1,22,1.0,2026-09-26,9,Saturday,False,-6.5000000000000036,False,Mainly clear
Pasig City,2026-09-26 10:00:00,14.586995,121.08635,Asia/Manila,28.4,79,36.0,18,0.0,0.0,1,21,1.6,2026-09-26,10,Saturday,False,-7.600000000000001,False,Mainly clear
Pasig City,2026-09-26 11:00:00,14.586995,121.08635,Asia/Manila,29.6,74,37.8,21,0.0,0.0,1,21,2.7,2026-09-26,11,Saturday,False,-8.199999999999996,False,Mainly clear
Pasig City,2026-09-26 12:00:00,14.586995,121.08635,Asia/Manila,30.7,69,39.0,25,0.0,0.0,1,22,3.9,2026-09-26,12,Saturday,False,-8.3,False,Mainly clear
Pasig City,2026-09-26 13:00:00,14.586995,121.08635,Asia/Manila,31.5,66,39.4,31,0.0,0.0,1,23,4.7,2026-09-26,13,Saturday,False,-7.899999999999999,False,Mainly clear
Pasig City,2026-09-26 14:00:00,14.586995,121.08635,Asia/Manila,31.8,65,39.0,37,0.0,0.0,1,24,4.9,2026-09-26,14,Saturday,False,-7.199999999999999,False,Mainly clear
Pasig City,2026-09-26 15:00:00,14.586995,121.08635,Asia/Manila,31.5,66,37.2,45,0.1,0.1,51,26,4.5,2026-09-26,15,Saturday,True,-5.700000000000003,False,Light drizzle
Pasig City,2026-09-26 16:00:00,14.586995,121.08635,Asia/Manila,30.7,69,36.4,54,0.1,0.1,51,28,3.5,2026-09-26,16,Saturday,True,-5.699999999999999,False,Light drizzle
Pasig City,2026-09-26 17:00:00,14.586995,121.08635,Asia/Manila,29.5,74,35.4,62,0.1,0.1,51,31,2.3,2026-09-26,17,Saturday,True,-5.899999999999999,False,Light drizzle
Pasig City,2026-09-26 18:00:00,14.586995,121.08635,Asia/Manila,28.3,79,34.3,69,0.1,0.1,51,34,1.3,2026-09-26,18,Saturday,True,-5.9999999999999964,False,Light drizzle
Pasig City,2026-09-26 19:00:00,14.586995,121.08635,Asia/Manila,27.1,85,33.2,76,0.1,0.1,51,36,1.4,2026-09-26,19,Saturday,True,-6.100000000000001,False,Light drizzle
Pasig City,2026-09-26 20:00:00,14.586995,121.08635,Asia/Manila,26.3,89,32.3,78,0.1,0.1,51,38,2.1,2026-09-26,20,Saturday,True,-5.9999999999999964,False,Light drizzle
Pasig City,2026-09-26 21:00:00,14.586995,121.08635,Asia/Manila,25.8,92,31.7,74,0.0,0.0,1,39,2.6,2026-09-26,21,Saturday,False,-5.899999999999999,False,Mainly clear
Pasig City,2026-09-26 22:00:00,14.586995,121.08635,Asia/Manila,25.4,94,31.3,67,0.0,0.0,1,40,2.8,2026-09-26,22,Saturday,False,-5.900000000000002,False,Mainly clear
Pasig City,2026-09-26 23:00:00,14.586995,121.08635,Asia/Manila,25.1,96,31.1,58,0.0,0.0,1,40,3.1,2026-09-26,23,Saturday,False,-6.0,False,Mainly clear
